"","e11.sample1","e11.sample2","e11.sample3","e11.sample4","e11.sample5","e12.sample1","e12.sample2","e12.sample3","e12.sample4","e12.sample5","e12.sample6","e12.sample7","e13.sample1","e13.sample2","e13.sample3","e13.sample4","e13.sample5","e13.sample6","e13.sample7","e14.sample1","e14.sample2","e14.sample3","e14.sample4","delta_max_min","min","cluster"
"Acvr2b",0.841165601381052,1,0.989907541919909,0.977664672764434,0.899900460145037,0.532805790527113,0.428713651772603,0.506973357469042,0.44527789983574,0.284879300866575,0.375924932775086,0.277942376896219,0.119730477865371,0.0737501576906358,0.0997418028179493,0.147517021323302,0.0629456866374247,0.0820653626114341,0.298115608237899,0.0715801752153761,0,0.0113900395742933,0.0862553427985701,2.9875282723805,7.8109183934449,5
"Art5",0.917733427485418,0.960011855328046,0.88152860901662,1,0.854877506442999,0.492997657666917,0.478344500976664,0.54384963433143,0.369606625555024,0.215496738925705,0.138703129244595,0.154009823217306,0.0900666023377851,0.232455708322768,0.0249529156371012,0.219147750932586,0.233821393258628,0.0710568623042532,0.31556066437011,0.168182517068853,0.0435061560731809,0,0.0463717981546631,2.59352465634166,4.43330122134381,5
"Asb4",0.83028681639528,0.976450801242814,0.980965283153916,0.99101621533249,1,0.601632301639987,0.561735120475009,0.547498481968611,0.435001740725451,0.326013701691019,0.410133954669955,0.364172003373417,0.121506980971713,0.191093049661287,0.157857870120025,0.169054261782582,0.180299793980341,0.130863081546569,0.249014447293426,0.0687727871746181,0.0129374382701697,0.0332185539439571,0,4.52957676713932,9.5141654421074,5
"Cpa2",0.804515904632783,0.909510296801054,0.913362901588223,1,0.92527221158995,0.479518545626757,0.35413652661776,0.418014054145353,0.325518590106096,0.20105972965009,0.239490913854523,0.18453414297624,0.0598782542568143,0.0141469444886451,0.176768340747124,0.120830320276618,0.0707797775248372,0.0599991036407995,0.211260329259778,0,0.0210931388040701,0.00425972493121701,0.0699665709871164,4.8476048127872,6.03118254507079,5
"Cyp26b1",0.806593209315031,0.973606516801271,0.969902320315092,1,0.962702096318574,0.643308687462414,0.52663667860498,0.597903137607182,0.511464245290838,0.474991458977418,0.543579276064156,0.495532836896374,0.357706666910906,0.289359263226074,0.425826772419289,0.329895230269768,0.413627517419629,0.315071809478285,0.35468403969167,0.110346730028514,0,0.365878279288026,0.399495434536357,4.90664228806397,9.55680667702202,5
"Dusp9",0.845232695417121,0.953036585339831,0.954426700702286,1,0.94929419601943,0.598070782835735,0.546759321334507,0.588033766934558,0.524045398385901,0.415616451761697,0.514845201949123,0.45902649409075,0.232876606815387,0.306723465816851,0.367817591668216,0.203242283452542,0.251593230405078,0.268446154904928,0.419169744043822,0.127469220330412,0,0.16965901489077,0.126679831141862,4.22613563391024,7.75532481753789,5
"Fgf8",0.605625137015035,0.807928067214389,0.829049157409939,1,0.999645171604195,0.524113570550878,0.510323859318485,0.567428907819346,0.404335765535397,0.27023374786298,0.335841037999554,0.245496791000392,0.0801395297148245,0,0.129296134669961,0.0702033763827749,0.142546275133566,0.125071651382883,0.319545843666072,0.147440589724521,0.0303142102613338,0.0415962836202039,0.0763185305511796,5.31245389438044,3.81154138446748,5
"Fignl2",0.759663989259962,0.960926138944062,0.94991927913196,1,0.907753205745223,0.348131324194347,0.343590113114203,0.412407513700442,0.300665238852206,0.151040084555839,0.164910639400293,0.154567136084382,0.0373844455672736,0.0560529610664909,0.105251392462556,0.168547640255458,0.154440058612557,0.139295577978426,0.40835133375352,0,0.00157219452800761,0.246429659941658,0.0887783786378022,3.03738683443109,8.03195945254507,5
"Gldc",0.727464843135017,0.912292857767863,0.927343821892929,1,0.916472014107025,0.453496153697419,0.452317372343823,0.522322212902315,0.398675347775381,0.355196836273056,0.298521152757125,0.289721786973232,0.0669194698903088,0.173531157350434,0.120578571305105,0.224016841505054,0.155008408401741,0.36200974529117,0.611869980292771,0.0582061506206645,0,0.47787040143701,0.451600965644123,4.27182974733183,5.75243965813661,5
"Gulo",0.913454821730246,0.977309686696543,0.988946571351539,0.955064104063181,1,0.692929700306192,0.543251080981753,0.63370119962581,0.549318381790639,0.446194165891506,0.493940326992063,0.280978027484488,0.228000884971208,0.23695886276033,0.283259241148145,0.276014509752145,0.335006215779968,0.198549527814379,0.389539955630688,0.0896285389504348,0.148888928983698,0,0.237227495700744,3.25826249064849,3.808615722394,5
"Hfm1",0.843072247896558,0.93964262692146,0.92262006057087,1,0.892947394048828,0.563039310236118,0.662231697988843,0.374347277036538,0.492769511345078,0.303053967787426,0.377409419881098,0.304691314325729,0.249939549258277,0.481714998967559,0.0328916568122859,0.203916820414566,0.177581960511798,0.164572206354357,0.429825649480027,0.196146907213942,0.35184159410146,0,0.0295911113709634,3.09162443262507,4.58951391021896,5
"Hsd11b2",0.918961752156555,0.979474058437089,0.970558681222203,1,0.945412755779855,0.666519807821008,0.621328751524938,0.627839323778163,0.521519870123222,0.337577085901327,0.374330890876613,0.285608935272132,0.16323437483405,0.13947077696396,0.256624725517884,0.259262634200892,0.256789885113081,0.2372305176577,0.472134943160837,0.143513562039537,0.0808408304642088,0,0.0427843784363625,6.14139664947083,5.77213471648754,5
"Mogat2",0.849899775434967,0.932845282755979,0.91924801958244,1,0.97531367730803,0.48717218049222,0.482033928886442,0.482481970155642,0.465631569921431,0.31990387683095,0.333279143407914,0.228409957745434,0.256367641035237,0.258187565163782,0.296946582063202,0.155057654975195,0.223836748636641,0.190456246993398,0.390973265403021,0.0671341610824359,0,0.151357628997415,0.124368345004599,4.21018248379814,4.72698418494347,5
"Pm20d1",0.775118287885241,0.883563544469725,0.846844772915417,0.890196749627422,1,0.338580475644317,0.32739706391138,0.488467724736358,0.284753593055818,0.305534073819326,0.322082342109375,0.35005998575043,0.122142101848757,0.111124170999259,0.0770052480627654,0.0990311930868078,0.122645072896586,0.0236363135873927,0.186703135510627,0.00807998947626637,0,0.0866911707838054,0.16471745590788,3.31742002116293,4.62155829676648,5
"Pmaip1",0.809942596521091,0.961495022824,0.952021171122366,1,0.962377019951397,0.44236413979363,0.407011847292691,0.415695927317988,0.369434458615269,0.119724753256614,0.219691290922932,0.243107384567953,0.120671501649097,0.182716716031256,0.243311961103132,0.0710338600146174,0,0.0824947458062071,0.353574312585635,0.095601382928531,0.118389570091268,0.196222441821956,0.165475611660594,4.25392092756949,7.72269424702767,5
"Trim71",0.842688105685595,0.969686671315319,0.942863336195486,1,0.937833688703198,0.483304632762347,0.442956649356057,0.540691256361839,0.443354840090466,0.265754926791593,0.285494409650255,0.275138555049634,0.0877034389188596,0.163617948967067,0.170576436218123,0.170450383419799,0.154243024885598,0.288588183122315,0.441445143824426,0,0.0634955225724609,0.230293742264081,0.138406202468758,4.59625493815421,4.96021087717058,5
"Bmpr1b",0.925739946386869,1,0.967552019562095,0.929704919808029,0.951446561798977,0.867918701997291,0.746286584671836,0.745009198938827,0.583548444336667,0.556283986311089,0.766872912239939,0.690894709224423,0.248004512403997,0.276293215219919,0.328674222660178,0.249380277129037,0.355663201778609,0.182789354835018,0.495315154992447,0.0749403786937548,0,0.329653406546128,0.409526145158495,3.26758978449795,8.16398797323149,5
"Chrdl1",0.870174490712461,0.93425603379114,0.943146452683348,0.948281868844574,1,0.732394008029273,0.586349427139789,0.529319552262012,0.413618477082091,0.374769756277226,0.536588284345822,0.523544375127426,0.183657720943696,0.259239012230362,0.153894518341233,0.173396499668203,0.194319142224906,0.0635870395143186,0.256029299679438,0.028483488913114,0,0.113263183041257,0.155847339691563,4.04506771550561,7.86519587821323,5
"Cyp26a1",0.611369616764827,0.798944033340898,0.798397428103938,0.941765096040688,1,0.57956970041338,0.613009444334947,0.562812822031919,0.418038300621354,0.635146253338616,0.527569827687312,0.500733914789248,0.0867266734140533,0.202512414671922,0.320995920261114,0.275913923105736,0.274810808821817,0.102556898989808,0.316566556163662,0.00583568342101751,0,0.286500746481757,0.310782357102362,4.14942271367732,4.08892780984791,5
"Ell3",0.832225940107281,0.933464635540809,0.977688529665413,0.966132576498701,1,0.771456648978318,0.607003015864971,0.70365256102703,0.565145020818732,0.653648286367074,0.647870587586578,0.559590760176342,0.268564971955135,0.227202136754644,0.444100837579215,0.255171132830575,0.290439224791618,0.21449280839501,0.488319692072662,0,0.0292475508639669,0.304364368744019,0.433526027451927,3.2815888039302,4.35213702262785,5
"Gdf7",0.797719542226461,1,0.985028946908659,0.855526572941118,0.884745618530271,0.66145577553825,0.682764334216149,0.641240871682111,0.531237395304767,0.391813926287183,0.326692489140479,0.0488138891693145,0.135944632784066,0,0.115954844568778,0.121169757829202,0.0883398840677118,0.092465567986123,0.204014647430548,0.107129937667895,0.158742465317378,0.095031847362468,0.0509247546574063,2.99070660726131,4.17299866790142,5
"Cntn2",0.888814052928316,0.98155220596245,0.984687625874185,0.96185496382497,1,0.90117182716484,0.810520472496965,0.846258208862141,0.641609614416937,0.6812240728234,0.528716303786729,0.401886405128157,0.588958967284681,0.401013239957076,0.514683476470584,0.525352672615712,0.6439107578116,0.389354453635293,0.436401001274094,0,0.00809161909746654,0.106457027169177,0.0399898534394414,2.04988891733762,5.63572901788329,5
"2810408A11Rik",0.956665104154875,0.960886449609268,1,0.966861166750312,0.864558267397179,0.725867677611803,0.636301774031689,0.671423997542861,0.557429818049988,0.422676449342701,0.503593562289943,0.441935948832883,0.22038682217618,0.206983855888872,0.309291357183723,0.274939354361369,0.334470585325614,0.254734899872203,0.426869923131561,0.0593580988803405,0,0.117187578864279,0.162218347712135,3.23250563278318,7.08924702751093,5
"Acat2",0.847129601610625,0.984388118576045,1,0.963405660572749,0.939591901592584,0.69715984285228,0.645612958928221,0.614112253689656,0.457932438324018,0.386471729416218,0.469245091440861,0.399321222501558,0.208021828440513,0.236389255237056,0.28339154921486,0.264470947566719,0.292033585180621,0.228643936591776,0.326538310833964,0.118079645060144,0.0697497181433067,0.00397774904510947,0,2.45301363426142,10.5195385125503,5
"Adam11",0.916556899300802,0.965245557546353,1,0.977769577372326,0.959107415391602,0.784257323178445,0.688361763822239,0.689685074672836,0.536557619865662,0.467073709460367,0.504864619474017,0.429597839678018,0.296648885591696,0.284960934850397,0.303384897381223,0.355372224120806,0.445857495258921,0.27063070853912,0.365930926401708,0.122918110220672,0,0.223228351600992,0.203222728180066,2.84257419763336,8.30009258070342,5
"Adamts18",0.641411174652428,0.82374359640219,0.809616589072694,1,0.95086741255056,0.613041619473927,0.737983520947409,0.650291515029543,0.405040129040274,0.593868288766577,0.377352255993638,0.395637546706068,0.166870092289213,0.192630876660378,0.33898813390721,0.266742093789985,0.313395479372656,0.287001617323582,0.461402416430277,0.0496895825973957,0,0.496562171799804,0.484328975965243,4.32805948522248,5.19735842761619,5
"Anxa7",0.787730700131238,0.817065745164095,0.795479382475356,1,0.694339889378606,0.486711021847546,0.349643608216337,0.570256135079423,0.0301501610500971,0.336006593122126,0.194257640391286,0.0721535816287264,0.207524797236434,0.159264995937549,0.314191904172055,0.00691945584469508,0.318395365314789,0.204297904000274,0.35428799926391,0.0336280094933814,0,0.0106346885165482,0.0500278742185619,0.540628738441143,10.3166564082158,5
"Arxes2",0.974058310848729,0.959862809023748,1,0.932023323497698,0.948570808886801,0.831770676791633,0.764583204614154,0.615958561833887,0.321130010936017,0.415036993905561,0.594516021661585,0.543924583599112,0.232828388774679,0.413849417542935,0.27590514681168,0.339719260588793,0.362827266605173,0.129807855662625,0.188944258749442,0.0181957385096572,0.00769808136142678,0.108703477511076,0,2.62065796706693,7.66148552738323,5
"Aspg",0.976422581125166,0.926484186749006,0.98457730811463,1,0.962058437755811,0.691304258106901,0.645115865077162,0.60094646108877,0.710349479574616,0.427132137984122,0.537571830250248,0.506963933861168,0.376853662987585,0.453844852033699,0.385477815735222,0.337090003594843,0.430300758337262,0.353762073813804,0.375282804367626,0.141352405717899,0,0.387439357586085,0.448185960586607,3.04880918252432,4.50857387708678,5
"Atp7b",0.895982797855686,0.974073305409821,1,0.907816446625132,0.887409348868664,0.68169592816851,0.571381633757753,0.693933044264152,0.437568436113926,0.406229068518166,0.521238960006991,0.396876563037462,0.261387470171109,0.0941604029380488,0.224995347044693,0.378262423744995,0.406730532200623,0.254717910492131,0.4825251880646,0,0.0159309781621861,0.0960545485993918,0.118135341367857,2.40145540699445,5.62085357564545,5
"B3gnt5",0.919809581668374,1,0.999623497142165,0.969560818151459,0.937957391451959,0.9027302139517,0.838248293488835,0.859838029111983,0.509463753444269,0.475121069445866,0.537328843541755,0.530333916140835,0.284801775367407,0.326577750766939,0.390820100795722,0.361884224937751,0.396353107968553,0.277327462575761,0.397857300658426,0.20021839765072,0.133934841832456,0.0434063725086154,0,3.19715414898986,9.10519743808354,5
"Bex2",0.919731262777737,0.965526352734949,1,0.969876496388164,0.92964737165845,0.730167391146966,0.642975110027105,0.661855825788555,0.570544117128114,0.401084612289581,0.533457849889324,0.420838852368022,0.152678413609042,0.203529081975924,0.291664220282891,0.190057110145451,0.241107673473946,0.214327932814699,0.426093707395631,0.110910998709582,0.0294901205317383,0,0.0857814786922109,2.95023686050413,8.52058832369768,5
"Blm",0.870598998398842,1,0.986329783030417,0.958702742423832,0.92661270578255,0.597033132610059,0.444786304526101,0.49760039280971,0.334058788453957,0.311205146397331,0.316048586799669,0.314969738972241,0.14056363599507,0.149666647441726,0.184809313606726,0.199711383739686,0.228942846444883,0.135095543415727,0.217748821679305,0,0.00162629133762403,0.0589329813877474,0.0345778833277806,2.36753358024486,9.95556466390828,5
"Btn2a2",1,0.978177605432345,0.963850169111886,0.88382307727599,0.900659988479379,0.708421715799633,0.702008618264493,0.733188527615006,0.495380099055976,0.42398784271025,0.551038722468221,0.44533470409031,0.273829807069821,0.259442926097799,0.376636906872107,0.286700118167322,0.404388345487009,0.264248765704468,0.36087223527124,0.0933852087948359,0,0.240252019422411,0.259549519685102,2.96477686551822,4.8463919161218,5
"Bub1",0.944854960543847,1,0.9766734570615,0.984242060030954,0.959454579612441,0.601019671002504,0.501416936577485,0.518475542465079,0.394420357781843,0.305111878083972,0.365999393863978,0.33662303161632,0.199774667344445,0.23788307857816,0.219996091004868,0.213291582637221,0.178834690847228,0.167488462370285,0.261624504150296,0.0533072085894809,0.0312733494324969,0.0469757039923952,0,2.33913829362259,10.6591434594492,5
"Bves",0.974918728707374,0.948828333726905,1,0.972753630786824,0.94604819756542,0.877241985652684,0.804220870387832,0.746173273841305,0.489862875123338,0.183579311279389,0.388310649641674,0.290660327622828,0.227130028372524,0.186347380150833,0.0525609785340313,0.299439289669625,0.257731180626344,0.099750867002193,0.488824166419906,0.16598743809469,0.115022966965488,0,0.0913610252443065,2.45749086120734,6.24779352970643,5
"Cbx2",0.92973289803122,0.995729488737726,0.997380181566633,1,0.947427044075411,0.646289122565255,0.567223850318322,0.634810213193346,0.543014611944362,0.389411960705361,0.427780790903574,0.363314296085007,0.17140547615268,0.139563885498963,0.239217564845348,0.215532052219146,0.264108203555143,0.168161644269705,0.383087738228232,0.0774444067404959,0.00385254634685317,0,0.0604680094186093,3.08860647811195,10.5570874152925,5
"Ccnj",0.882882447720525,1,0.976731159538258,0.978592100802798,0.927527956294171,0.640389488934902,0.525977648969881,0.538473566185214,0.454911734909228,0.339779144134414,0.382788589690468,0.332109334432616,0.185615991232013,0.177218881289245,0.251545471294774,0.224323195111886,0.242363837777851,0.16934335507217,0.332242864069709,0,0.00400382737181174,0.049987061486143,0.0560684049211962,2.84387335664644,8.91281039740005,5
"Ccnjl",0.83950960482126,0.990555798777102,0.948224730615164,1,0.970075630633812,0.554761981837069,0.497811567372687,0.551162356000344,0.488175563052072,0.441147784637879,0.354497435447872,0.379258045115069,0.260729375623218,0.238195206779381,0.307565600138602,0.234931157555433,0.335409093638375,0.232311413505722,0.357559686006738,0.0284785092679882,0,0.133439731211574,0.188529169109694,2.94759447139559,7.77050075961009,5
"Cd24a",0.887615452586661,0.976220436106491,0.988082646517709,1,0.998673682456203,0.79087421549295,0.679148879397403,0.678703135476312,0.531298878535527,0.449102743277047,0.56816668294103,0.507687157282143,0.235676487806335,0.292013209960424,0.364569905238157,0.197399646985112,0.267496949269563,0.229646364263966,0.432385813002282,0.0552157043634705,0,0.210868376390687,0.208842044437694,3.85073087946467,11.3492048043389,5
"Cdc14b",0.853578849520116,1,0.989906206019173,0.996061378725004,0.964333159618353,0.655632518061392,0.518326714840999,0.575379794227681,0.396787780100649,0.389828491382811,0.374857761511244,0.388680931771843,0.19863319488209,0.214145186249913,0.223114717168982,0.233912067632572,0.295215708646904,0.100563377777561,0.201929470190697,0.0490003292115762,0,0.0797703939927028,0.092326428933403,2.59434120269152,9.29256486035145,5
"Cdh3",0.864221392321615,0.987430136143292,0.960549745765509,1,0.958633447026587,0.714129692253262,0.616118762561414,0.697135644940204,0.561588140394614,0.618694253588997,0.610183939538098,0.550281178887593,0.353001544130076,0.28859544484565,0.443111861631494,0.331655195916414,0.46438909663104,0.340825712375219,0.488923294114832,0.108475804981208,0,0.263731041994502,0.309741474298235,3.30556600752737,10.1814430021098,5
"Chek1",0.902302522685635,1,0.967612973102612,0.980589044676013,0.955847137531772,0.698309424042473,0.557856612644953,0.557853092684933,0.388358128274868,0.371240900596986,0.430325182628659,0.363943695048068,0.160173250611401,0.214368565770399,0.257107697088784,0.22283997531377,0.251510849849451,0.143829305053506,0.280787360199903,0.0450639061512221,0.0131750753640561,0.0362898998816959,0,2.37952394040114,9.60404738915925,5
"Chrna7",0.842019908993608,1,0.981522223545552,0.988902693387467,0.834395070994898,0.7157824261193,0.457343050036208,0.588429648639129,0.399813644753683,0.391465128430032,0.354070666716467,0.256205933977883,0.105859694559962,0.124034223258883,0.144458059255329,0.221305203596479,0.151297735235047,0.203633931445164,0.344508207037922,0,0.0190941510725266,0.193625881129713,0.0243286439037525,2.29398602679865,5.82067116764902,5
"Chst8",0.737516316112697,0.922033660545894,0.947589938031658,0.923608576105166,1,0.849019629242606,0.798238809002401,0.814070564713753,0.654876801762381,0.429416830007879,0.475906332336245,0.269859501930556,0.209370203987258,0.137683154400817,0.221166636667691,0.23784922154218,0.391452369926495,0.257806538627969,0.528225866033216,0.267017575075251,0.0723411123803422,0.0970864638134497,0,2.2746425717191,4.43994813488547,5
"Cnot7",0.93203977504042,0.976359711597273,0.993906897609422,0.983165507166108,1,0.76884893669184,0.62841702098649,0.52697596801626,0.37729504921343,0.392932836283044,0.482881702097809,0.448250163886867,0.197011693158784,0.271842244471883,0.256375595715195,0.236531468264264,0.263280736518531,0.121573087151175,0.275685386175074,0,0.0431604224791057,0.0818982206053859,0.0857049178678623,2.36478240585111,10.5732746032063,5
"Crabp2",0.961093224394144,0.960905717796188,1,0.940180391879437,0.909375484093561,0.764216014996031,0.695066954274884,0.743498652216599,0.533865868755764,0.463465459675993,0.543140718127551,0.411414331535957,0.231902554223275,0.236096221727322,0.40617361387331,0.278293082850245,0.303097350069977,0.302119148872916,0.46225711775915,0.195855695503482,0.107961398380576,0,0.0765105516756647,2.63446479751778,10.4207034130542,5
"Crb2",0.932881096606738,0.957164144173535,0.950998533506528,1,0.790154858322115,0.506761915803183,0.794712614178176,0.738856438041397,0.422967179189261,0.243415289364117,0.204695316774538,0.0879694556754731,0.0148174483007113,0.0671424217367529,0.118958782159036,0.250929948948161,0.244622785335045,0.350138270212278,0.730354962991017,0.084967032908734,0,0.274430195014206,0.147116561971475,2.56117398929387,6.11639704711009,5
"Crmp1",0.784428645589725,0.924510597830038,0.887349294430657,1,0.815873627272417,0.559149965776228,0.503643665282031,0.524167476789253,0.617564822376142,0.494763350965808,0.36125964328299,0.348139726266031,0.301365022418655,0.253809374193116,0.334131861659188,0.300976440702234,0.389121897431543,0.393502447796734,0.258396123883096,0.101624154254316,0.00564474786591121,0.031138611468284,0,2.82122006194997,8.25256701740953,5
"Crtc3",0.677528326053797,1,0.929837886871254,0.682449389361793,0.776580136031893,0.783416571554124,0.63101652679054,0.728974062812529,0.381943395642968,0.683632453366602,0.389752287600388,0.234625403531757,0.440682510463072,0.106534475334121,0.209915455376983,0.655438248956297,0.745166225499992,0.310722414438994,0.0556778713387053,0.198096083948128,0,0.175971349969398,0.139425450652888,0.496903078453643,10.6257983705207,5
"Cth",0.85740517643818,0.967391065794137,0.910490192335582,0.953612347459997,1,0.618519894065982,0.512008406968701,0.520068146078926,0.3906266691545,0.416102768863918,0.389831129930057,0.298756810167965,0.0405848982750619,0.178721459210063,0.142287834184663,0.146345890861564,0.0872096411007669,0.172341444496351,0.252372679687221,0,0.0252746909950904,0.126090716444634,0.107576652711516,2.7443033884149,6.87017606107203,5
"Cxxc5",0.796253329736692,0.981297023813146,0.995123238948896,1,0.998879786934432,0.494646094449145,0.466320911724053,0.481295829324034,0.447429873202923,0.320326288032964,0.438229136582036,0.304742708559434,0.115042409946903,0.156486962748441,0.204550080262493,0.160113317210298,0.187975502829466,0.170280865493017,0.298594278351762,0.0280092877024952,0,0.0913657290628693,0.110556835823512,2.75433405439604,9.46480084009294,5
"Dck",0.84391725007285,1,0.969982385676942,0.989466771133988,0.938606942570968,0.654236520939135,0.558694777083347,0.498646978047683,0.371762381110608,0.329050106977874,0.407513488657995,0.351936272740836,0.0932400588613589,0.164748694862589,0.184267412135038,0.167210373424202,0.136850888620775,0.116536891955288,0.296314415353356,0.0217885941491824,0.0263012780186545,0,0.00627493919945223,2.43556896760688,9.7937530284236,5
"Depdc1a",0.982808763285374,1,0.947510842300378,0.968462540987475,0.994878468422422,0.692974944137888,0.585808194084014,0.514124569480554,0.376681110041728,0.45860892122516,0.506701419842727,0.514083705095006,0.284353817322067,0.377531159783741,0.356101173333057,0.358744071561572,0.342197397043722,0.15887204891114,0.108410754530731,0,0.0580979041862566,0.232963696088365,0.121446493114882,2.49053634722155,8.91761362501971,5
"Dgkk",0.866305541328585,1,0.945781843148893,0.922558180269697,0.862637929389659,0.715845671833294,0.579241472827835,0.624552522062914,0.385459625858763,0.360520279911515,0.234748648837923,0.28220658727906,0.0645094087139456,0.0573495222180503,0.0536396184046029,0.3079317138613,0.293269107135382,0.123974455036073,0.239955110800618,0.162675442955554,0.161526078683793,0,0.00934639221588919,2.88625249605911,6.5901521507033,5
"Dicer1",0.780887624610704,1,0.97903902945661,0.92436118145276,0.908583946738897,0.571405416752375,0.452236596002203,0.519119557517345,0.362379511248013,0.329934202390884,0.384204368184011,0.341275305378599,0.146566733434074,0.156599364959675,0.158337575988791,0.232991291654911,0.232903746270552,0.106466192853322,0.243853545543675,0.0702747490786899,0,0.0858759739872482,0.100182299125111,2.71628180696554,11.5950218418689,5
"Dlg3",0.874892690269839,1,0.989079776764785,0.971050063623609,0.940305117502206,0.680747662811123,0.57793550624846,0.647961469564429,0.463276454178042,0.422256403612978,0.534472740458085,0.454700802313162,0.210258722389385,0.234729793769049,0.280478548134663,0.261681846040175,0.30437850347826,0.170570648364816,0.333691542015157,0.0777215022779999,0,0.14213709892617,0.168082242291018,2.65152610238106,9.66825134213342,5
"Dna2",0.890246783743097,1,0.988314130375193,0.993825537254027,0.944158975029154,0.551473074550088,0.448503015682161,0.47844469745744,0.416174979857505,0.300199531650786,0.379785216579654,0.330967612745467,0.163331919372107,0.169392828437095,0.249875460385999,0.169269250895218,0.195448949453932,0.0868481531613004,0.359921668707135,0.0603462248443569,0,0.1081961873722,0.122053435552793,2.46158769706622,9.61157082460011,5
"Dpf1",0.939525464426007,0.963967692043139,1,0.973662935256097,0.918487655422648,0.640440171440714,0.539095147529611,0.680387484753787,0.494169284435494,0.316160171848696,0.451124607205729,0.313894831140335,0.195582565484448,0.15581178175451,0.247431924902483,0.239723054186065,0.297959438652965,0.16617349057115,0.27537697370715,0.117896648017299,0.12584457857616,0,0.122545404726777,2.46484306914306,8.02057605692485,5
"Dyrk3",0.943840878028334,0.957281991705215,0.888764835194635,1,0.89435841730263,0.715738036396362,0.562986368344874,0.507459928987072,0.654738982124292,0.317300280278876,0.323050062790373,0.366383831650969,0,0.010841374638607,0.285625268140805,0.0991118442005377,0.187533659747724,0.0507276848464514,0.604245463354317,0.1932607483582,0.0400644367571011,0.118232356333456,0.0518964028774568,2.25513586669448,5.76743043206217,5
"Ehd3",0.920668987635119,0.954822005307884,0.969261426220359,1,0.967088845650363,0.835471859746951,0.767083005649808,0.760387063770585,0.533424603759593,0.489470208038237,0.587921442025969,0.472834600375454,0.297149775574821,0.289491563413417,0.311443463690502,0.32815611949504,0.427568424858684,0.305361512363792,0.482828077540288,0.167971379288304,0.0751513760395704,0,0.0577693185968486,2.4992824148375,7.69059566052687,5
"Eldr",0.885433011636229,0.944345648782243,1,0.908610971015094,0.840024683187186,0.546479348476552,0.475152831946308,0.451204239640325,0.249976421520475,0.26687873322295,0.278141666798078,0.351243874578378,0.179277599661296,0.334878880185974,0.301557442020526,0.321264427908367,0.349241633803979,0.0282154307404756,0.153330859808965,0.0351061811452583,0.182009643189026,0,0.0276730011860858,2.34165079823241,6.49108366936159,5
"Elovl2",0.900937575214676,0.968774450602223,1,0.984655044835125,0.968518530731177,0.620183248659702,0.589331921101784,0.586813903883263,0.517159960067088,0.401323726086249,0.408792155873157,0.384431702030559,0.223631007190276,0.23990613122342,0.239934769071244,0.265352148629884,0.207011902536231,0.162517747559798,0.29510878742868,0.0640596123712156,0,0.0154704495184613,0.0498091674330163,3.11900647977209,6.66289468732421,5
"Eme1",0.913320274254215,0.996918984197199,0.994886437016148,1,0.977519986431819,0.482327169613287,0.429186163358955,0.487334035049273,0.440138851038564,0.279732954054149,0.339441033712524,0.280261186686095,0.15391328899641,0.182428468999217,0.215422538983884,0.193354287333766,0.204151918613156,0.0913116679299184,0.369740388455294,0.0699449003854322,0.0337379698835532,0.0347043306470718,0,2.48179725317011,8.77748473501321,5
"Exo1",0.863584220769384,1,0.953782383484382,0.944609809080087,0.922311817529185,0.505927965624285,0.358930496433361,0.497992374320929,0.439598554590206,0.351957226461292,0.324512154256321,0.288033029168268,0.129054256630847,0.128490069409696,0.210307427999309,0.196053474544207,0.189748033303156,0.147982720022026,0.28953151207234,0.0570436790921288,0.0347312783257547,0,0.0242277951708004,2.46299781260954,9.59524976741328,5
"Eya4",0.961969946765706,0.99599292900803,1,0.810839696738464,0.915735203509947,0.797818076179351,0.673134564856084,0.71443379652201,0.419476861154033,0.396315795954442,0.481417071417169,0.459021101384926,0.198099146451085,0.250802035430795,0.248644825277126,0.248644864226055,0.245776445309037,0.141890835121898,0.332973020930239,0.129982605796188,0.0697007222403116,0.0275822754177133,0,3.18349266819132,8.63453669410853,5
"Fbxo44",0.912062202804004,0.913482611642964,1,0.759049602401587,0.795339578105285,0.95494462489669,0.810882337558884,0.504328847923723,0.641622463457817,0.578360883489426,0.466419730903751,0.431469762200904,0.381906341994518,0.560432030135788,0.328781743050015,0.354092426549163,0.140165817209843,0.351176054025773,0.044019537958062,0,0.0391886175852393,0.180075235669429,0.383437403243278,2.6734378704893,5.39416176661473,5
"Fech",1,0.87322136999332,0.959344690943072,0.891444127990165,0.849615061324196,0.591560531772971,0.424123269469051,0.383834147169039,0.0726941920646793,0.343384913208285,0.632293084306538,0.454687447818148,0.125425723795755,0.229385419407806,0.29845622491262,0,0.232922308848519,0.188033753459623,0.0306341218237639,0.450029712222725,0.636952593097566,0.251978873387871,0.0992029450059384,0.908893104604807,9.97688995072668,5
"Fign",0.901995059048648,0.989710731581243,1,0.95054249036532,0.987097301178119,0.574279398229016,0.456234453190096,0.477290217014749,0.501729806796613,0.384277957845719,0.332799490591044,0.363555735874625,0.189795510759716,0.265697754961094,0.219915506325659,0.338921303375392,0.182601505056344,0.101643101489639,0.253432291667029,0.0449586768243457,0.0986613339203776,0.0268189244528673,0,2.92848484752435,7.76793513203854,5
"Fnbp1l",0.882371050169518,1,0.997468273864826,0.965585627092551,0.972048066421569,0.772426610196739,0.672794789155694,0.653763888930412,0.433633742643639,0.492279520321275,0.510873002569785,0.467780788875306,0.236073923393594,0.225031491703391,0.301690074867296,0.284720617956681,0.309112451623232,0.200522928553221,0.296766216061929,0.0736457544481394,0,0.112770741131856,0.111037736878568,2.61676679586085,11.6351792949269,5
"Fubp1",0.893269382091746,0.983693619710515,1,0.951630663538775,0.976061493181042,0.699100167328675,0.539249001390119,0.504647674667336,0.341256730987358,0.375472701584238,0.438955287047109,0.418721277944893,0.182601655578348,0.252004709318021,0.237681186740976,0.214309691813453,0.242222634875186,0.119909798342697,0.213778726864182,0.0269107661552443,0,0.0889291566625807,0.0793659284005929,2.40497180502649,12.5561816186782,5
"Gdf11",0.890578948162354,0.995239970675574,1,0.989664711923233,0.952100086940989,0.661592506286631,0.52481327057047,0.557445073288513,0.445359528208481,0.366061597224271,0.451626667457541,0.368635082096694,0.210587577661163,0.201346724091351,0.232366915341184,0.224054417309318,0.274351955365799,0.213974596805101,0.299389298059508,0.129386062879645,0.0524636484342349,0,0.091591015006662,2.88429627913417,8.36911820243337,5
"Gdpd1",0.874418973777061,1,0.942513195318826,0.921435097541782,0.897297621929958,0.777477150381163,0.687139779094804,0.649786614159902,0.527361775750335,0.524620442539982,0.479338689968389,0.475113555973663,0.189341601559745,0.189727593916959,0.302326740935087,0.295410341631547,0.272729861318137,0.184974828009084,0.462571805698385,0.0716323770918001,0.0692091927529893,0,0.0387160661347504,2.37368089473455,7.65627155521271,5
"Gja1",0.842351733762737,0.985458483911814,0.977219310776397,0.99360552760766,1,0.59323828487278,0.500106705626192,0.497883040056081,0.35606371709564,0.486096257522023,0.433451545635712,0.398657886810971,0.196171703865333,0.231021657684444,0.273964615890019,0.191457856306354,0.267577417573097,0.1585705871567,0.159341298987215,0.0634022405935277,0,0.0834562319340047,0.151433435098354,2.69197370006565,11.7272440276134,5
"Glb1l2",0.866071985652898,0.986745336946191,1,0.97478176185833,0.989461840609767,0.716388076705569,0.568644434763284,0.580761335861816,0.418786793447316,0.532977958146148,0.47121882241318,0.433635251691377,0.22402119536755,0.226048414381573,0.31465816957964,0.342847002854848,0.362005712801822,0.157751019689741,0.386109304864189,0.00877373108112859,0,0.0787929894989062,0.230348762035692,2.62942043212643,5.64296954882574,5
"Gstm7",0.941217673762673,0.967037613278416,1,0.950402262092333,0.937563270564067,0.766193237406111,0.742876727649133,0.730162248022493,0.553862421016679,0.475470015512887,0.558690412615274,0.466374179831812,0.345658016081439,0.291780613729379,0.421771906025063,0.281939592684547,0.39825144265197,0.298906397640588,0.497602535791709,0.175283229102855,0.16509113119774,0,0.17067616905076,2.97806280955152,6.68427091767197,5
"Hells",0.844331907732744,1,0.983864259292559,0.980128685627764,0.943206225086301,0.701980829706441,0.537010562722254,0.535751686285038,0.396733661279929,0.368892440169744,0.377728599423204,0.38061900600272,0.177833756254082,0.211572216398102,0.233830783321984,0.247032147520037,0.234919108328806,0.117782706171799,0.262801052451078,0,0.0574366615747959,0.104559566927401,0.026508193453874,2.43694123676672,10.4200657552112,5
"Hipk2",0.702402913375473,0.977607221346786,1,0.900557753986816,0.874378226411761,0.558827770687337,0.431085123573789,0.669790140006661,0.387380762084089,0.303920704934367,0.293517356632305,0.374800049382301,0.115450178946715,0.00314647209645471,0.126058308629992,0.217482358175824,0.0243778831153912,0,0.215180240717662,0.12099712876548,0.0035348691084528,0.0994180503974413,0.134085273139956,2.78867350723888,8.96803076909908,5
"Hmgcll1",0.85906592160805,1,0.992736858349965,0.960172085034862,0.957364817334982,0.696499840442614,0.494692331470849,0.581306494915483,0.383223154017489,0.461449729611123,0.563070452582466,0.512700234993839,0.282763310867532,0.316916852218594,0.419652412251722,0.322979173476721,0.428530460081145,0.244238091260797,0.321599078292974,0.135745694174839,0,0.314304211901024,0.312319923645251,3.20517558152568,5.65414106498221,5
"Hoxa11os",0.910649466255129,0.966165334684304,0.969368352889504,1,0.923621912969851,0.717356115831151,0.544753932122927,0.604530837124867,0.553174504581867,0.485971416362762,0.603534738151955,0.483326393373171,0.390930980141738,0.349123690326752,0.449280682240691,0.328175112399142,0.45112314353997,0.291602897491968,0.331256560691817,0.0421585231564179,0,0.290368131447907,0.439333065170704,3.24223178434669,10.68697059235,5
"Hs3st3b1",0.873818009422324,0.989934843546453,1,0.923394897378292,0.933494199989691,0.754887834175652,0.699196091331461,0.623729761664452,0.456021472826724,0.443595228990801,0.525374361699545,0.426835465430156,0.23318218571819,0.221108006898065,0.202106888374404,0.270540664276263,0.331416562632163,0.176552604324082,0.327654040432933,0.0666025545671135,0,0.172966133212023,0.228091020141345,2.93734154407835,9.53561804904481,5
"Igf2bp1",0.819990525943085,0.989032377994208,1,0.945235976934243,0.902981128050637,0.523775747746705,0.449651306611495,0.51120360463664,0.422158308053627,0.27593703212527,0.304754017144584,0.318794332695796,0.135140875742198,0.135060909813723,0.174609072493316,0.169877989552473,0.176267146982389,0.0854584411847165,0.298929086596564,0.0385975376022874,0.00873341901429255,0.0252836757913246,0,2.78346077139211,12.0008493937542,5
"Il1f9",0.833727810071199,0.968967601415402,1,0.956260690002498,0.756642046471548,0.44141379082193,0.501451842624161,0.510135377873958,0.490841157051112,0.566509768562701,0.738978841172152,0.815798965087544,0.331095488183526,0.436568056734272,0.7753989842196,0.759570886571318,0.494860151144231,0.364284342679432,0.0962813059928864,0.258527431899282,0.149195151042249,0,0.286291942758692,3.89618152341366,6.06995548911394,5
"Itgb8",0.80541128718023,1,0.957338906941583,0.973692316127931,0.922146443072881,0.715295623223126,0.660200179571397,0.712948713728082,0.500186296110359,0.607575811031138,0.679504020090079,0.508866485893819,0.293560311169242,0.266189908256517,0.230682823916869,0.355826440539912,0.217300086985335,0.286808746325173,0.301557060083063,0,0.0306305023539632,0.167579630213546,0.296321374868138,2.55675530077162,6.22889294723345,5
"Kif5c",0.828719433393657,1,0.980448318354832,0.926214419128281,0.910466772607004,0.733197708855499,0.600858166727566,0.653374177427393,0.472770130692164,0.435242092492786,0.514701620769053,0.448294512845737,0.243077716541833,0.18024047232729,0.331808639950036,0.210190964297781,0.286703433638434,0.190943529726204,0.354856119532013,0.0701411801154824,0,0.0643722090577407,0.100822074055465,3.29301736059754,8.6203719555558,5
"Klhl3",0.804168151537729,0.907382938574628,0.904453146581617,1,0.757572532306813,0.587186341084027,0.494542004201834,0.43818147280466,0.426307796582155,0.401529852042122,0.520274369300197,0.377615243657913,0.25929075047148,0.247174714010291,0.229130434780276,0.228998518030493,0.292843567369551,0.285831510787508,0.212542206181797,0.180281320274327,0.144464412557102,0,0.146417904868864,2.43940483886636,5.37562439004891,5
"Lck",0.969043161285053,0.924399045721492,1,0.967469657062792,0.878079197434814,0.651547293469285,0.56028844368234,0.657237180593867,0.580554252733411,0.473730085467029,0.485454480101164,0.431479620496859,0.161790727728507,0.137993541828517,0.332279345149616,0.184094948296495,0.259149042050734,0.17296259704571,0.442280199682543,0.0651124998531103,0.0254312185336451,0,0.211571659290661,2.44259212856669,6.61902732582187,5
"Ldhb",0.897941648845164,0.964780627835999,0.981045107471448,1,0.980068068148016,0.694535720020459,0.608320701098175,0.64515186820324,0.550112717909347,0.447777260942208,0.562691186426011,0.407258057576832,0.146393256465469,0.170715010920527,0.284185470064058,0.170800328329311,0.238618542721399,0.219420260253281,0.444214278334787,0.0198017221310619,0,0.0629924907490269,0.144440337674998,2.93483934867749,10.3742268068792,5
"Lix1",0.826512759085849,0.989091837622494,1,0.967655351231295,0.915331519882676,0.601632335881017,0.550425767449334,0.523976150653808,0.304217922334645,0.289656785493764,0.119551468972752,0.201943906947401,0.398077397263971,0.33813525420345,0.250170824422081,0.304850421957351,0.287419977793972,0.27123395848561,0.168411999889611,0.0921757397715297,0,0.210630426481137,0.0831245210909635,2.87054218621612,9.70686998175748,5
"Lmntd2",0.98124127702877,1,0.998733389564478,0.987833700421724,0.965970723916644,0.703284055231713,0.584420861100783,0.661203230771359,0.584950921813466,0.507046924221179,0.512618111294272,0.445330222160556,0.285868933253428,0.235991819627344,0.320882697302591,0.24911598123402,0.430064886773929,0.242469183948336,0.545038868528287,0.0681185600626922,0,0.317254829602124,0.289078202430734,3.5316824001828,5.88994547459952,5
"Lpar2",0.83041048171577,1,0.991561471951008,0.988167734020175,0.964041689474846,0.60960508710445,0.545153240719029,0.59447987872515,0.496496971678754,0.388359921615915,0.514624769946665,0.455673344005214,0.125328463276776,0.150529129423632,0.287572652000654,0.159002989908578,0.270081613089557,0.23920107055033,0.373174802108783,0.0844891457871626,0.0200317586214826,0,0.133297157436639,2.86196983722891,8.15672527082188,5
"Lsr",0.800114068951093,0.963903396463454,0.964604577319806,0.998382081606301,1,0.725576544286222,0.678156020083691,0.654499664650985,0.653868950981583,0.556963359417861,0.664837716473324,0.587893277943957,0.291862657670395,0.308362631490298,0.414239567380207,0.317140382427806,0.38217451081794,0.41139186384185,0.639067129439479,0.121494941009476,0,0.478742564428901,0.411189373931672,3.35563797144642,7.39867665072352,5
"Map2k6",0.864273144837748,1,0.995477119971236,0.967091911271048,0.970138970004912,0.708481462303245,0.598467766660077,0.625732947508756,0.448710460156849,0.433179933027833,0.475069025525171,0.417067604716647,0.246599253963461,0.220652805353285,0.328253209966741,0.182819214618182,0.20327557414189,0.189226304582728,0.292185722789929,0.0759315996707063,0,0.130022555947014,0.131590600581979,2.72433431264563,8.82600028486123,5
"Map3k9",0.776108041076752,0.983126520408218,0.929842325046343,0.967263373507497,1,0.609506813331863,0.517193732947041,0.629630873568552,0.440110789227845,0.614426260103423,0.471409467537372,0.435197340246619,0.114635224657102,0.137654520968581,0.370811269809375,0.206657711205338,0.301848894674932,0.263757711845214,0.448167736808308,0.0815850019007094,0,0.475508393487916,0.443313611394929,3.42928662199706,5.88203150445312,5
"Mapk6",0.865466848271348,1,0.999808512970383,0.977628624649821,0.958026850705074,0.718332380909874,0.606752977482087,0.59937260178789,0.452121955975161,0.346380881252614,0.439039803579168,0.401392132936808,0.152669665250079,0.170748489202712,0.199955863880986,0.186838387852162,0.197487367447428,0.150297965901837,0.3337583828423,0.0801352408864027,0.0286448094799285,0,0.0149476040130481,2.56645579906337,11.1829398898453,5
"Mcm8",0.866482167179697,0.954227678225525,0.901576569861514,0.93063195975456,1,0.563522446432289,0.497367521770721,0.551614110531812,0.436988335472109,0.315517183984639,0.360775701293088,0.363082887184319,0.168205016246464,0.223652342410419,0.180655866422738,0.239274598030151,0.283526808534158,0.194789973912426,0.23781213184531,0.123669887443954,0.0315072092271915,0,0.0167064077982863,2.52758073530947,8.4952315920339,5
"Mllt3",0.862755575725738,0.98037629918737,0.988551638138767,1,0.957561460741396,0.718865429006663,0.565371257169872,0.586281817361219,0.398529258047867,0.481662307281524,0.490479145902579,0.448735332860177,0.344012470414777,0.276635428250924,0.368875006849397,0.302904629444939,0.331909162597025,0.274930471854663,0.263203787778029,0.0907023819438581,0,0.299486549803106,0.315528582510671,2.9176180719224,9.19731769382736,5
"Msi1",0.905218906932307,0.983389502970312,1,0.995385566872697,0.984767093317465,0.672003666724933,0.552502675192394,0.634266576584364,0.507914098741679,0.4179604578425,0.480831336853645,0.38510601050313,0.198658805048995,0.216527486145689,0.258948622982855,0.211568598059829,0.282005685284138,0.175004259276471,0.37179191325341,0.110291331449192,0.0425807377023373,0,0.0966173187268855,2.92973636787602,9.04278674834223,5
"Msi2",0.781812477702792,0.986484187630281,1,0.959944906708313,0.948269882719642,0.634028912949042,0.498892885308204,0.481530496200789,0.407749406348479,0.387247108159207,0.50561834011429,0.528190915782805,0.217212423853224,0.302973417490071,0.275736729639404,0.257209612957114,0.159838484216395,0.16279968262047,0.290239111795419,0.0684900212274216,0,0.232277868662376,0.228195367324009,2.75951710884092,10.2555226302123,5
"Mtf2",0.886477063786563,1,0.992307023591329,0.948708458212501,0.950165023751004,0.726801339041751,0.590222918544718,0.609286757425986,0.379530949258624,0.3347947018286,0.419295229484624,0.414318323808569,0.139081689155172,0.180078048353595,0.212447870149984,0.192434689858269,0.214955053619409,0.117943401059152,0.265913423587666,0,0.0178099635202702,0.0774019813181637,0.0125673290107229,2.57560397791634,10.6234745559124,5
"Mtmr7",0.887690664399578,0.976869736196986,0.985434921210884,1,0.982672627669438,0.729703853830126,0.653741222684881,0.647693935369861,0.526379074745576,0.53972613072594,0.621128869391581,0.527779883223761,0.224839037481064,0.300531860267105,0.346929071547163,0.381940196606533,0.336693120948812,0.274296948922679,0.399009374494569,0.12129721945471,0,0.156663421687714,0.335746701957527,2.96157756836125,5.414466689973,5
"Nap1l2",0.962241514407613,1,0.977484145366649,0.903410898008184,0.880784174198288,0.894851816183069,0.886683811425512,0.794804144164486,0.635642467936313,0.507607097424918,0.493504934761661,0.448442687133232,0.363666941477787,0.406390005770801,0.400574115799445,0.411882781076554,0.470515040215267,0.264321503388372,0.506089918602231,0.252909160457468,0.25931026696201,0,0.135247464976588,3.44077585459862,4.08288829468055,5
"Nasp",0.926081326843968,1,0.987738712005838,0.999710565375929,0.96287729428662,0.706367258959435,0.578324093604862,0.616357339686399,0.494466821146133,0.394505231444108,0.446755411335016,0.376368980748377,0.197983043905933,0.193864723388291,0.264688740965597,0.213167748470239,0.228668017251589,0.206605894795238,0.36696541323889,0.135551887985382,0.0637726944159026,0,0.00422381444858262,2.73902482527864,12.5081589109801,5
"Nek3",0.903071396088474,1,0.942716203431055,0.986141757584267,0.925669818783297,0.659733824147105,0.495437737406594,0.622090761539266,0.446041406098413,0.365626891323518,0.345806778832759,0.298046756952566,0.17308304705472,0.127203297564601,0.173270848139728,0.234667609460613,0.39367796713272,0.245644954488063,0.278198872907481,0.122121939538437,0.065266220892825,0.0333701352246377,0,2.40361560503931,7.04991845976879,5
"Nudt10",0.884687184184118,0.957915631427766,0.996047545433273,1,0.984009924375388,0.657929016002472,0.645785061103873,0.534262596277476,0.371236090966978,0.474119645956946,0.532877591544989,0.4481672369621,0.223651915933634,0.225926068406382,0.319053147980976,0.245561339377213,0.325014925904538,0.189191366489672,0.147794273889408,0,0.0514716262644675,0.103327277044338,0.0655810280658863,2.81463304232384,5.52861875962613,5
"Nudt11",0.792486700808246,0.976751886771868,0.934177788823066,0.972084319467538,1,0.727869077929239,0.577811194891086,0.597210521206253,0.405620364731164,0.511740131156049,0.528473141712243,0.412645392078283,0.293212082729558,0.28504488038249,0.347021405102747,0.277174152000194,0.367275168982969,0.152041742942364,0.279438275683622,0.0929942438983533,0,0.191022948159468,0.160956856721741,3.18443201121304,6.64873336709236,5
"Ophn1",0.785474277103284,1,0.98219179285569,0.916430537155784,0.87923575420559,0.961396869906479,0.708690197483247,0.640744739608711,0.440378782334089,0.464224959046444,0.550748600370851,0.392400316631928,0.490503883307747,0.410368349236596,0.359084317977861,0.276480463155794,0.343126485474503,0.396570315608121,0.487838998788569,0.251571845251699,0.471818033816816,0,0.189196084980467,0.653227948151942,9.22310077382904,5
"Paqr3",0.911553670200115,0.991084239012654,1,0.946091568337714,0.911245829443127,0.733034515399741,0.594347836768179,0.609009464732903,0.553813374895303,0.401335714662716,0.516678382472896,0.382613928389092,0.0769603642695135,0.165285676056996,0.211098313870072,0.282059841168508,0.223122148242475,0.1709865415422,0.416714177073104,0.173929160756946,0.099537582594954,0.0933870111157418,0,2.2774250715351,6.09982365681567,5
"Pcyt1b",0.871924545066163,0.919848271450626,1,0.919942594936813,0.919699614283449,0.743342515687327,0.657789961534565,0.628919217074729,0.462454440533588,0.435897838452725,0.375175547953322,0.307908581723786,0.133586173217913,0.108947842328465,0.202476294191879,0.187075536578558,0.26546522038211,0.119724585116285,0.296404106246508,0.00692408295512668,0,0.0692940369644201,0.124243681833738,2.47681798488198,7.80014472503744,5
"Pdgfc",0.866269771399757,1,0.970488863087583,0.984152432243786,0.974735959910844,0.657536955238761,0.591097716076499,0.606568559934644,0.465712394787961,0.552668252450483,0.573086361177115,0.500705638872804,0.304770071571911,0.265059503365713,0.403388209503211,0.262492356986388,0.31986286855947,0.230340843272213,0.356285540708796,0.0970342616650074,0,0.162064259266937,0.244456273928596,3.23716524572486,9.82796295901195,5
"Phf6",0.874874532887602,0.987528536958038,1,0.976440238065599,0.970238069335698,0.764777528702202,0.675974634718103,0.61292919253369,0.420855149672134,0.451090575565947,0.508349077501218,0.485510497805402,0.19418196937606,0.239210361914094,0.282890320264509,0.239789062257404,0.267247336948751,0.133664046866303,0.24381501594302,0.0222407494002364,0.00201078417999529,0.0596042412643585,0,2.80073832503552,10.4674969708564,5
"Pih1d2",0.852009622284828,0.961202608367362,0.844232120490794,1,0.88511787090489,0.425464079696175,0.673028623197852,0.540999443890161,0.382033187373082,0.388480192897659,0.238460010321243,0.313149513582728,0.284979056277299,0.217170885137021,0.314320023317502,0.191316550824141,0.273771401247795,0.354768541834803,0.440690897520623,0.160887246424576,0,0.114985828565288,0.264569195466789,2.07796758975839,4.50378474027749,5
"Pik3r3",0.878410705685157,0.980754994959524,1,0.970322728164012,0.984978898917568,0.738317838525471,0.66683138057116,0.639324971728546,0.44115143619082,0.437250150276676,0.440298315381656,0.418013990776114,0.184671584206032,0.13040437223324,0.206908748746804,0.200678420299785,0.242398466641362,0.169185037530865,0.333351475032968,0.0244362958457893,0.0105206148161648,0,0.0362446104946128,3.01222974412518,9.84514067590154,5
"Plch1",0.841948733206281,0.942944823239478,0.988106677473551,1,0.899047863062677,0.691206738683695,0.604751659771477,0.327981975894715,0.321098805948401,0.512239898483604,0.416252255874275,0.422351004491483,0.466244702371158,0.335729056695259,0.290290166366152,0.297324621338016,0.397859064536213,0.300179935105736,0.149561626253791,0.0551351713090258,0,0.127988005822476,0.0461975021778501,2.4237195692701,5.29071566557793,5
"Plgrkt",1,0.792410434006992,0.808502115853675,0.618955480372787,0.944879563921629,0.930373986134443,0.826743711945359,0.490316017552943,0.53602285842978,0.390072666860315,0,0.0858687508410803,0.181444603127592,0.249258579887426,0.203156348376561,0.25161359462768,0.344705487528325,0.351081456369229,0.703269272278591,0.229662518975396,0.314508030509713,0.286074562337074,0.271438898047046,0.594746434367663,8.77304866150818,5
"Ppargc1a",0.782789596892693,0.939463728370281,0.899312318488726,0.999384473186765,1,0.590200453708317,0.475972961316691,0.60439393402123,0.326747027896277,0.351573252116612,0.328306629044895,0.348140812179908,0.21456625621987,0.261018778734996,0.303468983400268,0.267567125383731,0.187910671654659,0.217116913690419,0.236214537340348,0.0253425242198186,0,0.25850413814934,0.131641268002351,2.99559854709497,6.32682704829294,5
"Ppp4r4",0.819309601801607,0.993802921078444,1,0.965744695352521,0.883784271596074,0.719523427231266,0.62564355476996,0.671747001496363,0.319794698248555,0.431908999436548,0.452772225089729,0.380446031179192,0.264752532331431,0.20993220385922,0.347366462552266,0.271659415291694,0.408689847829486,0.181283927128825,0.20844087201684,0.134483543316717,0.0771062254256838,0,0.0995185938506538,2.43425057568449,5.90211531102315,5
"Prdx5",0.694476232587751,0.760837250664878,1,0.992090239592489,0.793091775318226,0.488017875401277,0.360954575162146,0.49319015235675,0.268928051845169,0.254375123800621,0.625395273777511,0.082484175610656,0.0510394729656601,0.00663226732413289,0.116709095605776,0,0.16111455242212,0.361033221113047,0.739154272553432,0.21793808887731,0.099529191630575,0.130391595030289,0.346873901636156,0.66021952083427,10.2458497791471,5
"Psrc1",1,0.968144320465878,0.970257157586948,0.920895945734045,0.953711924520462,0.570023787716696,0.424013903113647,0.552784914223211,0.498900386836197,0.374252027713759,0.469450193543598,0.365624107221903,0.208934790024246,0.219411409937399,0.271655078096829,0.304551835384459,0.323569579050135,0.252875209446667,0.321116818965003,0.0748292593767219,0.0106538072166227,0,0.127865416629612,2.54092016467329,9.14996784983187,5
"Ptbp2",0.88078826191455,1,0.98253736266998,0.97156531326738,0.94863503233246,0.727436312964929,0.578809109687324,0.601634678240935,0.34075292424577,0.322328068063056,0.418770957017109,0.391991012197412,0.137381098691301,0.2353650218782,0.244461639870833,0.250059385002956,0.325498409739901,0.0712128014592209,0.191984698511806,0.0315767199682096,0,0.0745742135936437,0.025074047673406,2.68994170225236,10.5895123497519,5
"Ptprk",0.885561914443244,0.997695483037339,1,0.997218773593105,0.986622540696755,0.761387776114597,0.585824849348637,0.672651933873192,0.430492745617095,0.4932214289984,0.519995240377257,0.444901068752622,0.243623363338955,0.182000219498227,0.258405787264349,0.282600786155774,0.365074525616198,0.211214333398727,0.322241210577608,0.0938713581751782,0,0.130232860134467,0.198971860132969,2.54923823784839,9.94815298398636,5
"Rab39b",0.869012759033382,1,0.945999536404483,0.9162559076037,0.943876794542939,0.770418436928896,0.617363952385284,0.571416630615171,0.362636003633226,0.420974574253946,0.57530930768856,0.527419816991261,0.143428688645389,0.221795354693223,0.284554450391021,0.185999520328542,0.249630972783324,0.0988954223032042,0.30704247470616,0.0733854149903982,0,0.0805121586060481,0.060619317444388,2.89128115409485,6.05934156479492,5
"Rad54l",0.911779921241997,1,0.986280764620174,0.978428013306077,0.961822156293453,0.498512951301783,0.404822175634017,0.428147069465537,0.441017347828749,0.305772325665769,0.351762488721224,0.30261823111424,0.10394830135477,0.151894284612233,0.23466988050692,0.184420542808134,0.164574483696953,0.0866475836279808,0.332445168826977,0.110559514050892,0,0.0430461546553034,0.0363320396894383,2.38391215386078,9.18985303627868,5
"Rasl11a",0.929527510798595,1,0.971365253779673,0.908646896664685,0.800829940071628,0.590673249267286,0.541994116079764,0.597291584712173,0.481037798888086,0.452132525443715,0.5526421039177,0.580376188152724,0.337428762033095,0.322260204529651,0.523361591949464,0.246390747257616,0.394920639803838,0.263731527077847,0.421707263394439,0.0969337966370418,0,0.0583160720730055,0.211426352600891,2.51324214090966,5.93945742132315,5
"Rbfa",0.808776496280292,1,0.753186246239522,0.791933232789042,0.764538959489509,0.695410474296014,0.712171125177034,0.474737676972643,0.393556989961806,0.354799899273292,0.271017083983589,0.0310465173287936,0,0.0374711329339438,0.529636936123527,0.0952667236263439,0.308382083291934,0.385799695231052,0.550788501869281,0.121951925089891,0.330274142137673,0.477879045900482,0.615711720530462,0.962378352001329,8.89676364574771,5
"Rbfox3",0.94625776512876,0.954435846343355,0.97923367691048,1,0.994864634910003,0.795739810420636,0.599651327548789,0.580090772148517,0.721971570268973,0.206729185315911,0.318842096973125,0.289249398066018,0.197834661601867,0.197912820802127,0.267765386668984,0.141861120720088,0.117296555920682,0.11684253372518,0.372549547710574,0.107235177762607,0.0317344521502101,0.0302458245930265,0,3.36467666200292,4.46110735693338,5
"Rbm4b",0.885465131635099,0.928628500580987,1,0.9327383283719,0.954060398999386,0.683536171877928,0.601753737049324,0.59357545001427,0.520917301992075,0.39222308709669,0.460744851563079,0.425464282896735,0.211413043905416,0.205108156329782,0.331133188693862,0.244369758238469,0.307956748391217,0.175024629552532,0.362478541414984,0.0963948452169471,0,0.0583845547692072,0.140067639932161,2.50370792709509,8.46025250626893,5
"Rhebl1",0.89668965104442,0.981274947581889,1,0.995689817295916,0.934918752838299,0.663262760795357,0.468602136651834,0.54822671106687,0.514454099233678,0.413519431740882,0.491566395333993,0.359909431410576,0.321574387189777,0.301590019134125,0.424598582080962,0.298230804883555,0.302409772113942,0.109562386810726,0.344948642167136,0,0.0915301804245796,0.129659067830028,0.270723358666673,2.4702483988475,6.69119821437051,5
"Rimklb",0.926720136301196,0.992369809121151,1,0.928574144674714,0.938843406213331,0.80585960090124,0.712972943837011,0.712323456778202,0.511983062286441,0.504247808680507,0.626643468719955,0.536020286597049,0.247664239187376,0.264042050926172,0.360695908539686,0.273905512203287,0.342659830568384,0.217089849020182,0.388606483160573,0.0808050881080576,0,0.0112734719079903,0.096390360859154,3.02973544507903,9.3402486747019,5
"Rps6ka6",0.862613500471538,1,0.99275153197347,0.982203758017857,0.989833114364043,0.746135370834092,0.637983648289566,0.611057439151691,0.444483644596769,0.387107496514361,0.525467550838034,0.483484035280822,0.163349930179625,0.248394206146522,0.243645882113162,0.202697363348308,0.217999836011912,0.174703903383469,0.254773533536002,0.0415035546412739,0,0.0603230573092109,0.0429988786350516,3.38047276800858,9.24622901546807,5
"Rragb",0.956912707077831,0.997443163263955,0.982188008696085,1,0.939422779271686,0.766140863902359,0.624920432772106,0.675606811479851,0.48889619427677,0.449276734706899,0.556339906337029,0.486650557535975,0.207902814620182,0.293580131977447,0.242934886785393,0.277983015562529,0.308016823188877,0.222067520330413,0.403878414810517,0,0.0377762952517399,0.137879253637638,0.258151730134049,3.11209243769036,6.41276463695348,5
"Rragd",1,0.988965975184939,0.991600244490518,0.939094316704957,0.92424280604316,0.803165387201684,0.74064347449034,0.75004790733153,0.5219041713419,0.419417138318315,0.415188727496069,0.415831731409565,0.231203473411452,0.379564596838471,0.295247577132808,0.355725693652768,0.203401932813271,0.218061346579451,0.417032781346687,0.271459393819364,0.20690061410044,0,0.0289706591928476,2.75445386349334,8.90225520455977,5
"Rrm2",0.863018070524762,0.977658028856845,0.958209940646312,1,0.909902385788145,0.563562085787049,0.444988934234717,0.461564661453518,0.423383046942063,0.305820562309574,0.34723387373899,0.287849083960981,0.123960370410618,0.15209927301188,0.236295495490927,0.139485516604534,0.124035654591235,0.168733713537832,0.298915844235809,0.0397325699533719,0.0168844885034706,0,0.0475907788969939,2.62808554437321,11.1559198690326,5
"Sap30",0.897612708424885,0.963281799760581,0.969890687736836,1,0.940594482053769,0.57967008716233,0.45691577362063,0.604559219953552,0.511807506696626,0.276167276879666,0.455493556050991,0.323739130009143,0.129781792451206,0.115398278134581,0.284514976141066,0.0905668956052302,0.129190600849419,0.129910411215903,0.478541467114283,0.0684602057065958,0.0642666504363746,0,0.0758110156136,2.38390056921854,8.69813793257061,5
"Sbk1",0.867399766088665,0.991850842133085,1,0.962321352570627,0.93728102392225,0.733450242837598,0.661702371884142,0.697555473242055,0.579933208471578,0.487740212066336,0.542383017623498,0.429672293269726,0.249176315614708,0.193344125245829,0.319248866824225,0.272541748072188,0.358637811258176,0.267215421354778,0.43934758605774,0.141466940415266,0,0.0653238131565024,0.128281663587155,3.05955547002741,11.3668127497574,5
"Senp8",0.865575073987572,0.921664755336864,1,0.977724748973407,0.992990381814925,0.517983304146973,0.529041634053951,0.465410823508508,0.32697802719744,0.269572201476475,0.218190520898535,0.354224073932639,0.0882209604513611,0.197782895064721,0.153027345847337,0.0981838775715028,0.15586723051265,0.117887212124349,0.179423957113287,0.0144519938249004,0,0.019542494624206,0.0153809755669566,2.29716514608956,7.83857804204683,5
"Sgsm1",0.845079259644614,0.991140788316017,0.994839013796569,1,0.972405188928933,0.630084826499983,0.54864533973681,0.481180215473753,0.465605239971618,0.350972875503858,0.365153859956474,0.256875775847419,0.198236111674511,0.106527096531612,0.136533956347028,0.2054140492891,0.290971001396052,0.15547663657587,0.321562523309072,0.0953302337481851,0.0498142463400203,0.0706920132578879,0,2.63088604248711,6.81647669335515,5
"Siah1b",0.885621151071294,0.949133766565251,0.928612571826773,1,0.92445531363633,0.616297011675802,0.518603671011621,0.47216203557558,0.450267964061069,0.291526085648217,0.280459675146383,0.326920252851081,0.163534273325772,0.176163606252344,0.183909180540007,0.17396763304416,0.228857527922974,0.170184546106517,0.31504914758147,0.0517456017605141,0.0282350817087958,0.0126571364878065,0,2.38761533470208,7.65363085938284,5
"Skil",0.854010653211469,1,0.997048448321553,0.94576873344353,0.966666370201392,0.7505548056879,0.646378692258669,0.664940009685024,0.444281734158571,0.441039607419523,0.547740699016295,0.484003927693352,0.217120630507598,0.23712824935223,0.236598936644783,0.254833009585087,0.24616675082099,0.140669983309062,0.358718810047998,0.0274993604895156,0,0.154711820130616,0.173184405522692,2.71990794315298,9.95715332472706,5
"Slc25a13",0.784236158730707,0.962570642830496,0.93562002748507,1,0.938459314028229,0.578942845887043,0.489529276326561,0.48243367413309,0.436524092600761,0.328936172646899,0.343278034055464,0.346411497850775,0.120645855948848,0.190556995545449,0.257636642750678,0.0981294677476335,0.121606023676073,0.10912618429984,0.345238056226022,0,0.0837776801743459,0.152962032259569,0.137681872749162,3.00557535800523,8.5122083483168,5
"Slc25a33",0.901118794953009,0.960403211716696,0.972391800122854,1,0.884338166324293,0.684156602408637,0.585980970648132,0.648046760891955,0.6004776520669,0.38385173279947,0.450619124798374,0.381046559913468,0.228639509294675,0.233964898985265,0.30943118862066,0.206423612197995,0.21291364831077,0.203271473990065,0.410272084357271,0.182447418458842,0.126426141834934,0,0.0994715752858639,2.97041287595681,6.93938687478614,5
"Slc2a4",0.942628715680674,0.997569439088054,1,0.933509356569393,0.931023714443077,0.680287500314747,0.629871206001061,0.68340982899262,0.511747418693676,0.496075034326751,0.47665560085428,0.460040035718314,0.257533414628251,0.340858360614247,0.415440463836025,0.362488781864505,0.490288769756283,0.277428463269061,0.408040614482608,0.190884854084448,0.14549326868551,0,0.173573002380667,2.6722654664297,8.1603027457826,5
"Slc7a11",0.926713387402926,0.978697197607775,0.971215475690159,0.960331111854379,1,0.777347977910883,0.649192411089962,0.698271078057835,0.432655329904457,0.611211079960509,0.623227019027876,0.623438004446917,0.388338424144814,0.414262559932047,0.584699436086278,0.401528805377591,0.391120043705553,0.345999103379933,0.353381364609404,0.150538858650503,0,0.212331473389911,0.306789158774918,3.42521191904579,6.52026165573614,5
"Smarcad1",0.885349529690493,1,0.998203168925153,0.987105984978979,0.996757917084597,0.693148401397647,0.589572394526956,0.5825414605437,0.393901410159608,0.409729713351111,0.436579711313437,0.417734308770487,0.195068930767184,0.231335240984333,0.23778029628878,0.220540613730068,0.261597693457691,0.113247580621988,0.242516247492576,0,0.0328700396698505,0.085546595042127,0.070050533287448,2.40149592396645,10.6122734609117,5
"Spata18",0.809351546090781,1,0.930189717173498,0.731179755706513,0.833177602966729,0.595530505620638,0.463994455022923,0.59161797522894,0.429504923720202,0.533148923928756,0.530506778606513,0.448511341117284,0.26794177328739,0.252098598779522,0.144324570049961,0.255575767981203,0.217262918330735,0.382850162666879,0.173121595215705,0,0.104389947446203,0.228936126744127,0.373810342035953,2.78199136860465,4.30525501128708,5
"Spsb4",0.792448897368984,0.983028368124352,0.99214809263181,0.99981473297168,1,0.692700248900111,0.58781873830959,0.662939280371527,0.469678693543624,0.346208435432131,0.628724084480731,0.511220723477351,0.120421884644144,0.145479297572,0.133445839216805,0.202167328569853,0.221647742728793,0.0408567227119151,0.369904227966361,0.0270435878081969,0,0.132695418596816,0.203409165914543,2.63310681181871,8.2196068423639,5
"Srsf10",0.909260639649802,1,0.991411888634026,0.975579704175307,0.974441625076778,0.774538656900552,0.646594729904925,0.581003634303498,0.384098759960135,0.369539787354515,0.458586207676051,0.436743409834714,0.173993805691001,0.239506955632374,0.259918063283323,0.188736801077435,0.222802956940247,0.123478542649082,0.228771125485792,0.00461960542497818,0,0.0854137865608876,0.0490857203666254,2.34195909769998,12.1095978595149,5
"St6gal2",0.796320311901051,1,0.990155976067192,0.882080401022963,0.916883792250112,0.665258190685406,0.643987545393247,0.738661713971898,0.482632778230419,0.42845913806737,0.380391993940319,0.336048816358056,0.183296915391388,0.153311850634422,0.248224475276213,0.268103972371215,0.169352377586361,0.245437805344403,0.460019404059918,0.164329380963613,0,0.208539722600057,0.0671327245026683,3.69861832993233,4.58315403409381,5
"Stk26",0.884357299014496,0.956104484682607,0.950043376136855,0.91643792388016,1,0.756296288872607,0.692416642311995,0.70950232890535,0.512418547420345,0.481410284139782,0.748930276074035,0.672168445967858,0.263121968762206,0.375669097663482,0.336391970008289,0.224952418815132,0.246817760315793,0.183355933398748,0.411131786109254,0.0889671430598053,0,0.165652521517359,0.258934632399949,2.77119882889172,9.13869418585452,5
"Suv39h2",0.879540804148661,0.994594590147968,0.989995443807165,1,0.968639795701851,0.635913891895155,0.541477563556188,0.537754980986138,0.433307528230183,0.350693117289123,0.397960307246147,0.366855217885428,0.129059639433489,0.177292881197162,0.255207533699281,0.105559038629666,0.19503686318833,0.125610984489215,0.296630931960666,0.0513522385447943,0.0222476089719921,0,0.0315955417721263,2.76673282505119,8.80786747739132,5
"Syt11",0.837383116660327,0.996044616012522,1,0.948426129618868,0.86523519655877,0.71292656385122,0.59097263580199,0.621897196782236,0.565329242855761,0.443621677185916,0.568717192413874,0.462290068293987,0.212957793524219,0.141195409940421,0.287176623137411,0.277703138321998,0.423547253772068,0.28009474710438,0.387975468212448,0.128266451492865,0,0.157420324801253,0.191954683356911,2.69092016335256,9.08078377944726,5
"Tagln3",0.931781651279419,0.966490018464178,1,0.956118806276167,0.907788569311289,0.78072199210697,0.652042842649078,0.705403608727108,0.643352566870451,0.555077557854444,0.551049747101977,0.496197267823488,0.290520299894458,0.27756948562523,0.424887500433279,0.351941031574389,0.371492971259465,0.318329479245646,0.418479074259067,0,0.0757467268053042,0.112064959961441,0.200000356053547,3.21699582998955,5.67741702129733,5
"Tgfbr1",0.834592314873432,1,0.979797305291766,0.945192166467979,0.957730793854025,0.739450507312478,0.611572143663464,0.539872000579697,0.35320322973531,0.335341225652085,0.417399727642626,0.391620877191947,0.171656049847794,0.214696669078646,0.164067729131221,0.249117651241995,0.211228012653354,0.106354942497939,0.288176694097001,0.0795376219307701,0.0876696317576759,0.0686790691169737,0,2.5018601642349,11.4492701220249,5
"Trim6",0.713742853052316,0.885816800046773,0.879987687660345,1,0.75681766008734,0.63404933527896,0.575677535560465,0.785351290532399,0.430000418234902,0.101165720114303,0.090738711063064,0.164945436280612,0.140667123930753,0.240484591102946,0.0918377993279244,0.202604157933963,0.103630131959325,0.123215799723988,0.452150556807584,0.227438150736815,0.243212568775463,0.107264201187169,0,2.88301160273737,5.10164357083549,5
"Trp53inp1",0.831401957904893,0.96396556323306,0.969585624723905,0.928639009728002,1,0.783887003928665,0.65977921281348,0.497625229838751,0.365197136035714,0.441827776051771,0.526781495926884,0.519616761296779,0.165273716457117,0.246993822451629,0.271426855688948,0.227181233704805,0.237957771493078,0.151083924601213,0.22941502143847,0.0479741744010424,0,0.136831210512495,0.10325501951038,2.91159325611392,9.42632272831053,5
"Ttbk1",0.901857303920941,0.962801832552795,1,0.911447655986359,0.906001619906045,0.652208875849593,0.667199155443317,0.683004270751441,0.496350444043259,0.34667573098453,0.537016267983168,0.41554694857493,0.251612964776905,0.220319436216403,0.342908387890378,0.276585653970042,0.354621479716755,0.192002268121846,0.459844769514525,0.224179893204321,0.173562363907414,0,0.0844667727161076,3.97909362159757,4.85814290132107,5
"Ttpa",0.854231221637775,1,0.98270787676486,0.996515444680489,0.996265230749718,0.681760254179399,0.558715659504454,0.511402408299617,0.384045352791915,0.361105965537318,0.336430801462881,0.333023822321009,0.218919480047607,0.315464488028669,0.307488247955811,0.247502256784349,0.289439394440082,0.115454476305634,0.231390752250089,0,0.0656692723915788,0.132772690672061,0.00881449040606055,2.96583852804827,5.90194532023841,5
"Ube2t",0.952542337905874,0.98701428911364,0.973780228135775,0.963155717206349,1,0.557507794721832,0.455146038970141,0.364902817276701,0.474675030202984,0.404284792347766,0.368198859890022,0.264485036787242,0.198666579840791,0.276622576757312,0.27238024571906,0.254307464452795,0.189774436160479,0.224646279660633,0.300288390290721,0,0.111945862282094,0.0414622474460342,0.144945291514304,2.39229086727606,6.33370102319337,5
"Wdr54",0.893929202531774,1,0.961298064990615,0.879368494396369,0.835976287695093,0.556434769335271,0.426251924698677,0.492369943977463,0.476785102364029,0.347535932481074,0.472083730326585,0.288112919492584,0.236749194077097,0.240449969277731,0.305536868749964,0.289137062389809,0.227115415856595,0.115144252883017,0.287807347126059,0.116528927680739,0.0726694955002295,0,0.104226347525783,2.44510005109343,6.34458372534659,5
"Wdr6",0.858148477611284,1,0.994675268331855,0.963788701968971,0.925096490790482,0.639372131844942,0.550704693379936,0.580613982729335,0.435840273425217,0.410710611262625,0.445330144009201,0.345706202456946,0.200520586897281,0.181201763847528,0.218474607478347,0.246961619587269,0.354993244022348,0.222788941393491,0.302446690021492,0.0946230137841991,0.0340989595449211,0,0.075565991802203,2.47181691901369,12.4588849636002,5
"Whrn",0.883479803088601,0.967443583302423,0.994394980567853,1,0.94027948667573,0.667232313706513,0.585899772539807,0.663810262701925,0.530422838940538,0.483393095651192,0.630231987993342,0.467733147486167,0.255490517013779,0.231198533456266,0.345396906065045,0.315735688308125,0.354431151159887,0.217147712245229,0.437734679955318,0.0943781656925043,0,0.184787519087143,0.245174613682247,2.81569247079668,8.94684036914078,5
"Wnk3",0.859100642169219,1,0.971315488763562,0.882938570236459,0.895486878259626,0.765385577995889,0.66327738334528,0.683498723566083,0.450148833669683,0.391198151362805,0.459074705697119,0.398405740910964,0.199288431620202,0.19704798452395,0.189351356068814,0.345380827744419,0.270976395864817,0.190085349283644,0.258201534092057,0.158182919665431,0.0456983041995598,0.00602160805809029,0,2.91803453399351,8.19264075069302,5
"Wwp2",0.715307931940502,0.922861166739277,0.931240084807374,0.939960578569538,1,0.584318068238569,0.507900190503671,0.522461568640275,0.63598928856209,0.430518542944645,0.77173918681487,0.666377465632973,0.30078260962517,0.35373804646394,0.369792685448507,0.196393609630161,0.290835302277534,0.190476769584073,0.473713755893234,0.0424229665055127,0,0.399783771156025,0.484641475358864,3.95832432687878,11.2275584562849,5
"Xrcc5",0.877703662166421,1,0.989873091890617,0.950291691365503,0.936189891356954,0.67684423635107,0.602697044584865,0.598329193765188,0.411615546133785,0.37839982083485,0.388277954865932,0.321314764656035,0.150161148981209,0.175011009860901,0.211100795498871,0.214710054272863,0.190761300789116,0.165342420825637,0.332795142231548,0.0335230862787044,0,0.0603801613852258,0.0730747007503982,2.52426681166507,9.78391579261312,5
"Zcchc12",0.956858035258915,0.940832661006618,1,0.90618389689207,0.945132964960827,0.976254255159065,0.946628604870202,0.880074225891045,0.538007395708313,0.645618030884126,0.666894260776072,0.581216610331852,0.257118267056423,0.250386758538197,0.332342264916045,0.204630723693099,0.278695149173943,0.136624160122148,0.472699322757058,0.0963913116368033,0.0257203121083071,0,0.0637179200680554,2.39325478770408,6.64203882876476,5
"Zcchc18",0.922966208449178,1,0.993290459524546,0.975888821748695,0.955631480860531,0.821840374192737,0.745967272880617,0.787870619208151,0.62127295756459,0.565824522843164,0.590377568984576,0.503902135876455,0.315677343089719,0.23671918399643,0.401916678871978,0.221539318113032,0.41466494605597,0.30063695249996,0.525981583080317,0.12808518800865,0.00345105695766555,0,0.170098085548657,2.73289670953664,7.7933183595323,5
"Zfp365",0.829062080866421,1,0.880406057917814,0.864495601823966,0.937757951195636,0.730378691085219,0.646141888398718,0.749771230165644,0.47046562070444,0.656235021300855,0.735770804447443,0.539205310062543,0.315646500843605,0.331787359948847,0.385186529155287,0.386974321771724,0.388380156036947,0.423207517223506,0.354934845951016,0.0154146203601756,0,0.245937063368624,0.219197000772831,2.5925847512527,5.72923295853975,5
"Zfp462",0.811505200762034,0.996688610757942,1,0.870151211119298,0.850401214693428,0.691128980035126,0.596691279063842,0.666475414594893,0.405900617763831,0.42635910740691,0.358339460754614,0.368672736396193,0.226273652466905,0.142865347984339,0.203928054316922,0.304662486551608,0.253856988639762,0.159310616786856,0.248398916913251,0.104548387635722,0,0.100709682511689,0.0653452225741071,2.86783902567625,10.8718944839146,5
"Crym",1,0.810150155115871,0.69893084876146,0.55305789907101,0.692537458655595,0.961723652950641,0.880134598589044,0.919446147706463,0.879078155700476,0.389107988954662,0.492167591474327,0.549159549157965,0.100308927730521,0.308830211284829,0.0216992181765671,0.303331297525999,0.391907413422488,0.349069980436116,0.531913143645403,0.188799685744272,0.201237178670145,0,0.0705513236192529,2.51477570252228,5.4557456653662,5
