"","Symbol","E12/E11","E13/E12","E14/E13","E13/E11","E14/E11","E14/E12"
"1","1810013A23Rik",NA,NA,NA,NA,1.75295568091811,NA
"2","2610008E11Rik",NA,NA,-0.500475121792546,-0.500475121792546,-0.771711806501582,-0.691932340100636
"3","2810021J22Rik",NA,NA,NA,NA,-0.684880549374307,NA
"4","5730507C01Rik",NA,NA,NA,NA,-1.15960254594105,-0.651383233119316
"5","9130023H24Rik",NA,NA,NA,NA,-0.645884885341064,NA
"6","Aff2",-0.789000627999385,-0.617237187272768,NA,NA,-1.75744470775454,-0.935198452498119
"7","Aff3",NA,-0.747259618166487,NA,NA,-1.64389690387277,-1.20307685088952
"8","Ahr",1.49376974112424,0.574910178506911,NA,NA,2.76438360441651,0.974235607355874
"9","Ahrr",NA,NA,NA,NA,0.684555489117454,0.590223962026376
"10","AI854703",NA,NA,NA,NA,-0.72309526610579,NA
"11","Aire",NA,-0.872998846099423,NA,NA,NA,NA
"12","Alx1",NA,NA,NA,NA,-0.664376256425177,NA
"13","Alx3",NA,NA,NA,NA,-0.634653033475524,NA
"14","Alx4",-0.798749879750064,NA,NA,NA,-1.18445790309119,NA
"15","Ar",1.89585247111675,0.834003693833141,NA,NA,4.11424847935054,1.27710406446759
"16","Arid1a",NA,NA,NA,NA,-0.754448590055616,NA
"17","Arid1b",NA,NA,NA,NA,-0.52856656511859,NA
"18","Arid2",NA,NA,NA,NA,-0.854860183836612,-0.525305639727487
"19","Arid3a",-0.517116958550562,NA,NA,NA,NA,0.544993508033736
"20","Arid3b",-1.44367807647974,NA,NA,NA,-1.79669807767606,NA
"21","Arid4b",NA,NA,NA,NA,-0.613907853231244,NA
"22","Arid5a",NA,NA,NA,NA,1.41481081374128,0.876028009643884
"23","Arid5b",NA,NA,NA,NA,-0.537261302934559,NA
"24","Arnt2",NA,NA,NA,NA,-0.925030646854411,-1.00751059002392
"25","Arntl2",1.15477806044287,NA,NA,NA,NA,NA
"26","Ascl2",NA,NA,NA,NA,2.01791649827943,1.31843061530903
"27","Atf2",NA,NA,NA,NA,-0.663374633453373,-0.521071371321045
"28","Atf3",1.82488455297712,NA,NA,NA,NA,NA
"29","Atf5",NA,0.514630682965437,NA,NA,1.55821133626688,1.25279677956837
"30","Atoh8",NA,NA,NA,NA,-0.654480973363116,NA
"31","AW146154",NA,NA,NA,NA,-0.710213293224848,-0.576429425990137
"32","Bach2",NA,NA,NA,NA,-1.10550050255132,-0.810207472797194
"33","Barx1",1.40638709490182,NA,NA,NA,1.18604049188593,NA
"34","Barx2",1.25843388326207,NA,NA,NA,NA,NA
"35","Batf",1.0320818314289,NA,0.966588445350269,0.966588445350269,3.26702147479447,1.86472538968401
"36","Batf2",NA,NA,NA,NA,2.58514604147372,1.20348471753291
"37","Batf3",NA,NA,NA,NA,0.74946918071816,NA
"38","Baz2b",NA,NA,NA,NA,-0.733598259967793,NA
"39","BC025920",NA,NA,NA,NA,-0.969025664493294,-0.540425970204741
"40","Bcl11a",NA,-0.529476385398195,NA,NA,-1.39545940378018,-0.969503426027244
"41","Bcl6",1.39208357039717,0.693026050377391,NA,NA,2.92347546758571,1.23882433649124
"42","Bclaf1",NA,NA,NA,NA,-0.685189552750663,-0.505883898710694
"43","Bhlha15",NA,NA,NA,NA,1.20393660806854,NA
"44","Bhlha9",-2.17582589284723,-0.885947483426693,NA,NA,-5.46784588920615,-2.50045814813077
"45","Bhlhe22",1.51451728821656,0.878415086735361,NA,NA,4.66964222071008,1.13951047696189
"46","Bhlhe40",0.959633624324952,NA,NA,NA,1.77611318644301,NA
"47","Bhlhe41",1.36196341858002,NA,NA,NA,2.18335375405132,0.745153105499454
"48","Bnc2",NA,-0.533271173961857,NA,NA,NA,-0.714206552646931
"49","Camta1",NA,NA,NA,NA,-1.0689373192121,-0.917752431229097
"50","Camta2",NA,NA,NA,NA,0.776315133940051,NA
"51","Casz1",1.03108374310615,1.08182609879794,NA,NA,1.69223714354324,NA
"52","Cbfb",NA,NA,NA,NA,-0.627983161054341,-0.542430604676813
"53","Cdx1",-1.09525236886191,NA,NA,NA,-2.6529633444725,NA
"54","Cebpa",1.27114336450446,NA,0.924443296980412,0.924443296980412,2.85339446525545,1.47228389911707
"55","Cebpb",1.2175464653747,0.844572883978325,NA,NA,NA,NA
"56","Cebpd",0.716153923479111,0.504409632049272,NA,NA,2.23798750146011,1.41010058456425
"57","Cebpe",NA,0.75408333876243,NA,NA,3.35004342496598,1.93586120802676
"58","Cebpg",NA,NA,NA,NA,-0.60189145902906,NA
"59","Cenpa",NA,NA,NA,NA,-0.651266785491164,NA
"60","Cpeb1",NA,NA,NA,NA,1.54939549922657,0.985680352528878
"61","Creb1",NA,NA,NA,NA,-0.878800410570143,-0.621249663816101
"62","Creb3",NA,NA,NA,NA,1.2589708583695,0.873239245569518
"63","Creb3l1",2.75667828025178,1.03949790715835,NA,NA,4.72712818599537,1.71744857579252
"64","Creb3l4",NA,NA,NA,NA,-0.707000264289663,-0.56116135798738
"65","Creb5",0.954306341888354,-0.506378484882817,NA,NA,NA,-0.640364089185952
"66","Crebl2",NA,NA,NA,NA,0.599826230193836,NA
"67","Crebzf",NA,NA,NA,NA,-0.676308844445919,NA
"68","Csdc2",NA,NA,NA,NA,0.56939352534059,NA
"69","Csrnp1",0.70677886217785,NA,NA,NA,1.77179804219482,1.01610733140549
"70","Csrnp2",NA,NA,NA,NA,-0.959340476047344,-0.606621565315625
"71","Csrnp3",NA,-0.799700229797699,NA,NA,-1.54365367558891,-1.06206631734163
"72","Ctcf",NA,NA,NA,NA,-0.673255441117107,NA
"73","Ctcfl",NA,NA,NA,NA,-0.914225954374852,-0.604829661571608
"74","Cux2",NA,-0.559194234324262,-0.760533848711588,-0.760533848711588,-1.74944322750891,-1.46000560678498
"75","D130040H23Rik",NA,NA,NA,NA,-0.735134290436769,NA
"76","D630045J12Rik",NA,NA,NA,NA,-0.723299108380641,-0.521674007996421
"77","Dach1",NA,-0.896885668551584,-0.906634892407816,-0.906634892407816,-2.46161144022827,-1.97724161367659
"78","Dach2",NA,-0.929765899701145,NA,NA,-1.61240160130876,-1.53399142401408
"79","Dbx1",2.80782072458834,NA,NA,NA,3.50599484933065,NA
"80","Dbx2",2.21445252031331,NA,NA,NA,2.75681363974347,NA
"81","Ddit3",NA,NA,NA,NA,0.817125171039267,0.525991775069628
"82","Dlx1",NA,NA,NA,NA,-1.49362754533294,-0.851329469365856
"83","Dlx2",-1.14662997140437,NA,NA,NA,-2.45818682388647,-1.06252138212055
"84","Dlx6",0.504530840021286,NA,NA,NA,NA,NA
"85","Dmbx1",-1.52772527398602,NA,NA,NA,-2.23385458546293,NA
"86","Dmrt2",0.670807685918083,0.812391550880385,NA,NA,1.94132177299001,1.17942660566063
"87","Dmrt3",-1.1032388006842,NA,NA,NA,NA,NA
"88","Dmrta1",NA,-0.989645497038198,NA,NA,-1.99290254281731,-1.70417730311675
"89","Dmrta2",-1.49959162360277,NA,NA,NA,-2.05055133515315,NA
"90","Dnajc1",NA,NA,NA,NA,0.534163190590831,NA
"91","E2f3",NA,NA,NA,NA,-0.877993839791902,NA
"92","E2f5",-0.533732115399077,NA,NA,NA,-0.982038997258608,NA
"93","E2f6",NA,NA,NA,NA,-0.541732419531816,NA
"94","E2f7",-0.647503619282384,NA,NA,NA,-1.00052400977831,NA
"95","Ebf2",0.697464886601249,-0.508042222009957,NA,NA,NA,-0.670241124331887
"96","Ebf3",NA,NA,NA,NA,-0.620554762485418,-0.726591480407373
"97","Ebf4",NA,NA,NA,NA,0.674638195897179,NA
"98","Egr1",1.81698369348491,NA,NA,NA,1.7945165048089,NA
"99","Egr2",2.19316400982374,NA,NA,NA,3.49325842257547,1.01187746749105
"100","Egr3",2.45889131785559,NA,NA,NA,3.35060110225647,NA
"101","Egr4",2.03050439219582,NA,NA,NA,3.32722677899575,NA
"102","Ehf",1.22225524072207,NA,NA,NA,NA,NA
"103","Elf1",NA,NA,NA,NA,1.00669180235975,0.755560778718953
"104","Elf3",-1.08204040413223,NA,NA,NA,NA,NA
"105","Elf4",0.94113091165787,0.624539165914434,0.586726724116284,0.586726724116284,2.26075011255268,1.2272843578633
"106","Elk3",NA,NA,NA,NA,-0.650886110737825,NA
"107","Emx1",-1.50571899572861,NA,NA,NA,-4.93087692507096,-1.49587838306525
"108","Emx2",0.521841412734712,NA,NA,NA,NA,NA
"109","En1",NA,NA,NA,NA,0.578558773982313,NA
"110","Eomes",NA,-1.31791318081322,NA,NA,-1.51723508598125,-1.53445220889558
"111","Erg",0.701241620511535,NA,NA,NA,NA,NA
"112","Esr1",0.724342253135916,NA,NA,NA,NA,NA
"113","Esr2",NA,NA,NA,NA,-1.19986853258608,-1.17534975132598
"114","Esrra",NA,NA,NA,NA,0.85209884733557,0.63865166334264
"115","Esrrb",0.884480280637109,NA,NA,NA,NA,NA
"116","Esrrg",NA,NA,NA,NA,NA,-0.92008316813193
"117","Ets2",NA,NA,NA,NA,-0.610271804328997,NA
"118","Etv1",0.501088427509946,NA,NA,NA,NA,NA
"119","Etv4",-1.02765070033294,NA,NA,NA,-1.79459545198068,-0.743815134148515
"120","Evx1",-1.89782797407457,NA,NA,NA,-3.34878099907306,-1.30505992677225
"121","Evx2",NA,-1.0433207518434,NA,NA,-2.05782437198378,-1.83291409246761
"122","Fezf2",1.84656608089645,-0.72422568862253,NA,NA,NA,NA
"123","Fli1",-0.770345930965922,NA,NA,NA,-0.874387889181224,NA
"124","Fos",1.6252514913915,NA,NA,NA,2.16004089261314,NA
"125","Fosb",1.06696214235348,NA,NA,NA,1.27704759468899,NA
"126","Fosl2",0.986270020270792,NA,0.713192180112184,0.713192180112184,2.2507787363577,1.15866147455515
"127","Foxa1",1.04694685697865,-0.918394657674269,NA,NA,NA,-2.10205446888425
"128","Foxa2",NA,NA,NA,NA,2.33004875421979,NA
"129","Foxb2",NA,NA,NA,NA,-3.25844361065171,-1.58722278043423
"130","Foxc1",NA,-1.15111500270565,NA,NA,-1.72690738797961,-1.14369247609808
"131","Foxd1",NA,NA,1.1140824529316,1.1140824529316,NA,1.0474766579633
"132","Foxd2",NA,-0.739045076004909,NA,NA,NA,NA
"133","Foxd3",1.59788473917934,NA,NA,NA,2.34768280776553,NA
"134","Foxd4",0.994387192648605,NA,NA,NA,2.53700747112912,NA
"135","Foxf2",1.45464822258383,NA,NA,NA,4.02429630706281,NA
"136","Foxg1",NA,NA,NA,NA,-2.21258353974652,-1.05316583645837
"137","Foxh1",NA,NA,0.979997638570982,0.979997638570982,3.12507160443716,2.08939593712163
"138","Foxi2",NA,NA,NA,NA,-3.48844419145366,NA
"139","Foxj2",0.535773828797846,NA,NA,NA,0.637836510367828,NA
"140","Foxl2",1.10541701413849,NA,NA,NA,1.72710976907796,NA
"141","Foxm1",NA,NA,NA,NA,-0.574952571958306,NA
"142","Foxn1",NA,NA,NA,NA,1.93134008341416,NA
"143","Foxn4",NA,NA,NA,NA,-2.13764489835382,NA
"144","Foxo4",NA,NA,NA,NA,-0.629009690941157,NA
"145","Foxo6",0.855023085227562,NA,NA,NA,2.0793731185253,1.06873456625961
"146","Foxp1",0.768712062802919,NA,NA,NA,NA,NA
"147","Foxp2",NA,-0.751506570555478,NA,NA,-0.956699406805135,-1.02173606014373
"148","Foxp4",NA,NA,NA,NA,NA,-0.761612025714176
"149","Foxq1",1.80874291843875,NA,NA,NA,3.84893208527912,NA
"150","Foxs1",0.922324132671634,NA,NA,NA,2.59660092979825,1.20790610417326
"151","Gabpb1",NA,NA,NA,NA,-1.04749737211789,-0.569383811272805
"152","Gata1",NA,0.712221465639114,NA,NA,2.66946144888812,2.09338793670807
"153","Gata2",1.1356978091714,0.821367698918574,1.14079198877723,1.14079198877723,4.10686072447514,2.55930278784042
"154","Gata4",NA,-0.734377557805087,NA,NA,-2.45545795818509,-1.78349752018487
"155","Gata6",0.72452062954008,NA,NA,NA,1.16145634138381,NA
"156","Gbx1",NA,NA,NA,NA,NA,1.3451155706085
"157","Gbx2",-1.0046005099938,NA,NA,NA,-1.44010047057148,NA
"158","Gcfc2",NA,NA,NA,NA,-0.883805329709727,-0.517863550723394
"159","Gfi1",NA,1.36924487467279,1.05923759385642,1.05923759385642,4.14406475610585,3.05952813903619
"160","Gli2",NA,NA,NA,NA,NA,-0.502975558545178
"161","Gli3",NA,-0.533948439963048,NA,NA,-0.785037616476118,-1.07106446728249
"162","Glmp",NA,NA,NA,NA,0.950816355415163,0.675280783480525
"163","Gm14295",NA,NA,NA,NA,-0.719663805533444,NA
"164","Gm20939",NA,NA,NA,NA,-1.24218265694364,-0.91135447912972
"165","Gm3414",NA,NA,NA,NA,-0.77313336670889,-0.63874595724568
"166","Gm5141",NA,NA,NA,NA,-1.27299880239599,-0.848829899797195
"167","Gmeb1",NA,NA,NA,NA,-0.50752310055481,NA
"168","Gpbp1",NA,NA,NA,NA,-0.601049824891435,NA
"169","Gpbp1l1",NA,NA,NA,NA,-0.584691257578443,NA
"170","Grhl1",NA,-0.528355003407295,NA,NA,NA,NA
"171","Gsc",-0.796608949885289,-0.992270258431624,NA,NA,-2.40434085910317,-1.46154486024281
"172","Gtf2ird1",NA,NA,NA,NA,-0.522281727417256,NA
"173","Hand1",NA,NA,NA,NA,1.78342250524739,NA
"174","Hand2",-0.985393973554758,-0.698468073405773,NA,NA,-2.17389822512615,-1.13529044585673
"175","Hdx",NA,-0.615284273850574,NA,NA,-1.5796878949957,-1.02798836628123
"176","Hes5",NA,NA,NA,NA,1.87704135937937,1.31854211095087
"177","Hesx1",NA,NA,NA,NA,2.05795833787805,NA
"178","Hey1",-0.910918317520552,-0.628327159230215,NA,NA,-1.97609342692199,-0.983992771265249
"179","Hey2",1.28282487962699,NA,NA,NA,1.34933115089939,NA
"180","Heyl",1.50902253824888,NA,NA,NA,2.18759276619751,NA
"181","Hhex",NA,NA,NA,NA,1.21841817689382,0.871923945557871
"182","Hic1",1.33087606660861,NA,NA,NA,1.33015456233951,NA
"183","Hic2",-0.709898995055195,NA,NA,NA,-1.27728016081455,-0.550673134887818
"184","Hif1a",NA,NA,NA,NA,-0.518884050471477,NA
"185","Hif3a",NA,NA,NA,NA,1.20936534096702,0.7985841450782
"186","Hivep2",1.24400465482883,NA,NA,NA,2.072932965269,0.766158003325554
"187","Hivep3",1.31131943160812,0.588832996445968,0.545072251860695,0.545072251860695,2.67457283991748,1.17444571870358
"188","Hlf",2.24679476190028,0.999736473683859,NA,NA,3.8750989335759,1.28218789157722
"189","Hlx",0.851084656000467,NA,NA,NA,1.49827223562853,0.633665599149936
"190","Hmbox1",NA,NA,NA,NA,-0.572131307492807,NA
"191","Hmga1",-0.696476098715158,NA,NA,NA,-1.12474419797129,NA
"192","Hmga2",-0.628026105374727,-0.904400828780728,NA,NA,-2.61624167602347,-1.80468061050881
"193","Hmgb1",NA,NA,NA,NA,-0.770530124528222,NA
"194","Hmgb2",NA,NA,NA,NA,-0.6316654424086,NA
"195","Hmgb3",-0.606305805570293,NA,-0.568526243603572,-0.568526243603572,-1.71933018514531,-1.08701124615329
"196","Hmgxb4",NA,NA,NA,NA,-0.535045218941088,NA
"197","Hnf4g",1.55264007527702,NA,NA,NA,NA,NA
"198","Homez",NA,NA,NA,NA,-0.740557562357841,NA
"199","Hopx",NA,0.71982201338576,NA,NA,2.31840376663399,1.44818101599334
"200","Hoxa1",NA,-0.532581636678485,NA,NA,-0.841002117485119,-0.700799433603447
"201","Hoxa10",-0.850143886832667,NA,NA,NA,-1.61249629626038,-0.737395968791518
"202","Hoxa11",-1.32458224633324,NA,NA,NA,-1.36823205283716,NA
"203","Hoxa2",NA,-0.688547550842516,NA,NA,-1.25798959384739,-1.00261974664283
"204","Hoxa3",-0.583360818315848,-0.81891133655669,NA,NA,-2.01521677767892,-1.35854473401951
"205","Hoxa4",-0.53732626379206,-0.677938525431635,NA,NA,-1.90794622291095,-1.23061623279594
"206","Hoxa5",-0.626255892337866,-1.00128636121411,NA,NA,-2.50221091625755,-1.70590752564274
"207","Hoxa6",-0.987258944479062,-0.9899943641297,NA,NA,-2.77911258464416,-1.60761158219844
"208","Hoxa7",NA,-0.514699739721271,NA,NA,-1.10738700148213,-0.770965196512162
"209","Hoxa9",-0.909816531713324,NA,NA,NA,-1.86223767895592,-0.91508891212029
"210","Hoxb3",NA,NA,NA,NA,-0.706784845840153,NA
"211","Hoxb5",NA,NA,NA,NA,-0.50471049835702,NA
"212","Hoxb8",NA,NA,-0.696031668834936,-0.696031668834936,NA,NA
"213","Hoxb9",1.50658306126605,NA,NA,NA,1.42860173143111,NA
"214","Hoxc10",-1.06573329932307,NA,NA,NA,NA,NA
"215","Hoxc13",-0.925022002646293,NA,NA,NA,NA,NA
"216","Hoxc5",0.803031967943879,NA,NA,NA,NA,NA
"217","Hoxc8",1.15899179266428,NA,NA,NA,1.23731489487753,NA
"218","Hoxc9",NA,NA,NA,NA,NA,0.890998694710845
"219","Hoxd1",2.12117434835969,0.768619985677115,NA,NA,3.22057541954549,0.830909711224312
"220","Hoxd10",-0.712317484710922,NA,NA,NA,-1.53540979368491,-0.795350743111757
"221","Hoxd11",-0.68812471797894,-0.670090659397172,NA,NA,-1.87468531321505,-1.14778634703752
"222","Hoxd12",NA,-0.816909552092359,NA,NA,-2.02132416719481,-1.55706997315588
"223","Hoxd13",NA,-1.02222159504355,NA,NA,-2.03129721551548,-1.84657722586425
"224","Hoxd3",NA,0.601914466946937,NA,NA,0.589747609203436,0.528862641392205
"225","Hoxd4",-0.639866518653137,0.534012844172234,NA,NA,NA,NA
"226","Hoxd8",NA,0.784707200168837,NA,NA,0.852890403472272,0.786450954667785
"227","Hoxd9",-1.16011921961784,NA,NA,NA,-1.42915599409134,NA
"228","Hsf2",NA,NA,NA,NA,-1.15489128230179,-0.816502457576054
"229","Hsf4",0.992017314236979,NA,NA,NA,2.38930501987609,NA
"230","Id1",NA,NA,NA,NA,-1.04972263540329,-0.696352352954541
"231","Id3",NA,NA,NA,NA,-0.551085441381995,NA
"232","Id4",NA,NA,NA,NA,0.528235311575769,NA
"233","Ikzf1",1.00651938970043,NA,NA,NA,3.16121314644536,1.58581033353304
"234","Ikzf3",1.00251665927448,NA,NA,NA,1.44638083231421,NA
"235","Ikzf4",NA,NA,NA,NA,NA,-0.54681079927097
"236","Ikzf5",NA,NA,NA,NA,-0.714520404574874,NA
"237","Insm1",-1.02026892877512,NA,NA,NA,NA,NA
"238","Irf1",0.577163366499501,NA,NA,NA,1.3647326867714,NA
"239","Irf2",NA,NA,NA,NA,0.536860217355097,NA
"240","Irf4",2.09836301940114,0.886366650857177,1.07989919654186,1.07989919654186,5.38264040248504,2.37078419002047
"241","Irf5",NA,NA,NA,NA,2.06648305508392,1.40944092099401
"242","Irf7",1.21844128909105,NA,NA,NA,3.28861539484715,1.54003502687611
"243","Irf8",1.05703976655405,NA,NA,NA,2.75092064568689,1.39432364516179
"244","Irx1",2.92981494756762,0.635567920028282,NA,NA,3.64093232152909,0.516707773345719
"245","Irx2",1.64205046627177,0.651941178986525,NA,NA,2.39716965456551,NA
"246","Irx5",0.714314216350269,NA,NA,NA,0.93246831687014,NA
"247","Irx6",0.840648495674145,NA,NA,NA,0.842505986851373,NA
"248","Isl1",NA,NA,NA,NA,NA,-1.14122593021508
"249","Isl2",-1.72182529370892,NA,NA,NA,-3.74288405596131,-1.52637925304816
"250","Isx",NA,NA,NA,NA,3.74696664439983,NA
"251","Jarid2",NA,NA,NA,NA,-0.745229486184942,-0.757864668017382
"252","Jazf1",1.17703327263804,NA,NA,NA,1.38463679126698,NA
"253","Jdp2",0.740572108977389,NA,0.571237787656935,0.571237787656935,1.68853470276702,NA
"254","Jun",0.502379176018697,NA,NA,NA,0.866596379334123,NA
"255","Junb",1.78232867578973,NA,NA,NA,2.73256061605893,NA
"256","Jund",NA,NA,NA,NA,0.815432641278559,NA
"257","Klf10",NA,NA,NA,NA,0.547427196930652,0.632860238467019
"258","Klf12",NA,NA,NA,NA,-0.823502978202746,-0.772854517969864
"259","Klf13",NA,NA,NA,NA,0.612835049534734,0.541803275303989
"260","Klf14",1.50246325927555,NA,NA,NA,2.67869799046061,1.04493738048156
"261","Klf2",1.17298837554782,NA,0.915347632949413,0.915347632949413,2.80755549359099,1.52825512444293
"262","Klf4",1.06698711628466,NA,0.748337831921988,0.748337831921988,2.13269023385042,1.02542287459112
"263","Klf5",NA,NA,NA,NA,1.60673114113403,1.15899052465508
"264","Klf6",1.55164852566128,NA,NA,NA,2.32878195563195,0.742059939486322
"265","Klf7",0.612076683598108,NA,NA,NA,1.01998777033512,NA
"266","Klf8",0.660737689381252,NA,NA,NA,NA,NA
"267","Klf9",NA,NA,NA,NA,0.776628331903967,NA
"268","L3mbtl3",NA,NA,NA,NA,-0.863982422861288,-0.554468944745496
"269","Lef1",NA,NA,NA,NA,-1.04969275129113,NA
"270","Lhx1",-2.66045890626485,NA,NA,NA,-3.41935307912927,NA
"271","Lhx2",NA,-0.777496183194809,-0.808699794055659,-0.808699794055659,-2.24912534268824,-1.75849694336367
"272","Lhx8",2.13545745532838,0.673946592582264,NA,NA,3.50211762285603,0.813458162800535
"273","Lhx9",-0.989560536069062,-1.02957642536006,-0.863045771709421,-0.863045771709421,-3.30683909281899,-2.15661104785417
"274","Lin28a",-2.17649469046204,NA,NA,NA,-2.77488929008529,NA
"275","Lin28b",-1.54824074956723,NA,NA,NA,-2.44169217959249,-0.693974570511295
"276","Lmx1a",NA,NA,NA,NA,1.39772337239613,NA
"277","Lmx1b",NA,NA,NA,NA,-1.34232424183364,-0.948482869549552
"278","Lrrfip1",NA,NA,NA,NA,0.946438521210451,0.689456961122274
"279","Ltf",1.09126178102508,NA,1.36031696232287,1.36031696232287,4.034082114153,2.08471405728994
"280","Lyl1",1.02836117683208,NA,NA,NA,2.83032810243714,1.49570883486875
"281","Maf",1.36062771053672,NA,NA,NA,2.37306296507055,0.922345121741126
"282","Mafb",0.868484518297922,NA,NA,NA,0.789977979211244,NA
"283","Maff",0.828626839585836,NA,NA,NA,1.19610365961156,NA
"284","Mafk",NA,NA,NA,NA,1.02104091950515,0.52686754381413
"285","Mbd4",-0.597408295499373,NA,NA,NA,-0.997098587880276,NA
"286","Mbtps2",NA,NA,NA,NA,-0.569446327358356,NA
"287","Mecom",-0.835533963749205,-1.00113256103526,-0.779947081821539,-0.779947081821539,-2.890017295545,-1.94445002660487
"288","Mef2a",NA,NA,NA,NA,0.583784080160553,NA
"289","Mef2c",0.96662086441368,NA,NA,NA,1.07657012231719,NA
"290","Mef2d",NA,NA,NA,NA,0.535140639550407,NA
"291","Meis2",NA,NA,NA,NA,-0.733724689236983,NA
"292","Meis3",0.861624073124294,0.548630141774496,NA,NA,1.70855546037777,0.805553473151913
"293","Meox1",0.542242355674506,-0.539613943777447,NA,NA,NA,-0.636646298678496
"294","Meox2",NA,NA,NA,NA,-0.524674131784639,NA
"295","Mesp2",NA,NA,NA,NA,1.22675717107443,NA
"296","Mier1",NA,NA,NA,NA,-0.513246704597531,NA
"297","Mis18bp1",-0.555562085298372,NA,NA,NA,-1.13419168199521,-0.57038955105372
"298","Mitf",1.04644747700121,0.653523522941079,NA,NA,2.48295915677318,1.26325729332291
"299","Mkx",0.689129282346882,NA,NA,NA,NA,NA
"300","Mlxipl",-0.656866245847863,NA,-0.713341608947176,-0.713341608947176,-1.59392781133127,-0.918723076102202
"301","Mnx1",-1.06564409862898,NA,NA,NA,-4.12344306692648,-1.81021769224153
"302","Msc",1.01574663412583,NA,NA,NA,1.11281430801036,NA
"303","Msx1",NA,NA,NA,NA,-0.944919908552453,-1.03553698960272
"304","Msx2",-0.605687988704768,-0.603350700166455,NA,NA,-1.72201809960603,-1.03339962137732
"305","Mybl1",-0.763066657835297,NA,NA,NA,-1.37802729795429,-0.59139476830882
"306","Mybl2",NA,NA,NA,NA,-0.558935313552234,NA
"307","Myc",0.775346124664484,NA,NA,NA,1.33266473139134,0.517610924316191
"308","Mycl",NA,NA,NA,NA,-0.896538526929523,-0.67731503704054
"309","Mycn",-1.2122558971671,-0.507118072870902,-0.68228402976364,-0.68228402976364,-2.53960827013864,-1.27650068776912
"310","Myef2",NA,NA,NA,NA,-0.736426766590163,NA
"311","Myf6",NA,NA,NA,NA,1.80300861840892,1.38990492394313
"312","Myog",NA,NA,NA,NA,1.69683281074187,NA
"313","Myrf",-0.585901001173383,NA,NA,NA,-0.992393044419343,NA
"314","Myt1",NA,NA,NA,NA,NA,-1.3749086392292
"315","Myt1l",1.47328123119678,NA,NA,NA,NA,-1.58412356260641
"316","Nanog",1.18396679104148,NA,NA,NA,NA,NA
"317","Ncoa1",0.727601224051853,NA,NA,NA,1.06034015879489,NA
"318","Nfatc1",0.765643721776163,NA,NA,NA,0.720070485563388,NA
"319","Nfatc2",NA,NA,NA,NA,NA,0.544223789783211
"320","Nfatc4",NA,NA,NA,NA,-0.715760375218596,NA
"321","Nfe2l2",NA,NA,NA,NA,0.752262146092469,0.702562123700109
"322","Nfe2l3",1.7312766630999,0.611364089012493,-0.688549208460196,-0.688549208460196,1.66460921899292,NA
"323","Nfia",0.920859917394118,NA,NA,NA,1.08484716879424,NA
"324","Nfib",1.43343824743417,NA,NA,NA,1.99642615321489,0.50204972863172
"325","Nfic",1.00697683000778,NA,NA,NA,1.78089778486786,0.749849697985898
"326","Nfix",1.9903356860312,NA,NA,NA,3.08475202447511,0.929719325097458
"327","Nfkb1",NA,NA,NA,NA,0.810454143486924,0.566629498424889
"328","Nfkb2",NA,NA,NA,NA,0.654983867943422,NA
"329","Nfyb",NA,NA,NA,NA,-0.95546222500237,-0.638005766647813
"330","Nhlh2",NA,NA,NA,NA,-2.77834580941194,-1.40969521102822
"331","Nkrf",NA,NA,NA,NA,-0.672280623950639,NA
"332","Nkx1-1",-1.94564165705341,NA,NA,NA,-4.23574045626163,NA
"333","Nkx2-2",NA,NA,NA,NA,1.64578227772264,1.18993132069507
"334","Nkx3-1",-1.19838351931639,NA,NA,NA,-1.84734484075781,NA
"335","Nkx6-1",NA,-0.680134097260219,NA,NA,NA,NA
"336","Nkx6-3",NA,0.714402938824251,NA,NA,NA,NA
"337","Npas2",2.09081747787053,0.76523266552455,NA,NA,4.02671743595337,1.25660008109441
"338","Npas3",0.841772258348981,NA,NA,NA,1.29156148550836,NA
"339","Nr0b1",-1.33355180359223,NA,NA,NA,-1.73844862373235,NA
"340","Nr0b2",NA,NA,NA,NA,2.61822777972715,1.55381286764194
"341","Nr1h3",NA,0.514877523044368,NA,NA,NA,0.885520643660603
"342","Nr1i3",NA,NA,NA,NA,2.75450147094385,1.4539867475866
"343","Nr2c1",NA,NA,NA,NA,-0.526123158904484,NA
"344","Nr2f1",NA,-0.766288476026802,NA,NA,-1.98377372390137,-1.42669154550929
"345","Nr2f2",NA,-0.581771078385704,NA,NA,-1.16260952589087,-1.09049858010941
"346","Nr3c1",1.39734028470422,0.660487183682944,NA,NA,2.53388832933855,1.02042089330442
"347","Nr3c2",2.02335338118789,NA,NA,NA,2.93775877348788,NA
"348","Nr4a1",1.70818284150529,0.562404183973568,NA,NA,2.99300087325637,1.25688506631774
"349","Onecut2",0.634331632893458,-0.596584568326775,NA,NA,-1.05662592174045,-1.57491450817141
"350","Osr1",1.00336057028971,NA,NA,NA,1.24657140075981,NA
"351","Osr2",NA,NA,NA,NA,NA,0.772103005638967
"352","Parp12",1.14865553870928,NA,NA,NA,1.9118504357621,0.740147960961784
"353","Patz1",-0.533497763964489,NA,NA,NA,-1.01576271199625,NA
"354","Pax1",NA,NA,NA,NA,-0.794559320417117,NA
"355","Pax3",NA,0.631688625436191,NA,NA,0.583515308446798,0.804311353723862
"356","Pax7",1.11419167287513,NA,NA,NA,1.27078775664345,NA
"357","Pax9",-1.08509946995838,NA,NA,NA,-2.21075207071736,-0.903222607165682
"358","Paxbp1",NA,NA,NA,NA,-0.641561785908445,NA
"359","Pbrm1",NA,NA,NA,NA,-0.784826305603792,NA
"360","Pbx1",NA,NA,NA,NA,-0.942213989678474,-0.641290513501351
"361","Pbx2",NA,NA,NA,NA,-0.9405383131705,-0.503004747690705
"362","Pbx3",-0.509264069630356,NA,NA,NA,-0.884043513409118,NA
"363","Pbx4",NA,NA,NA,NA,-0.958588613563516,NA
"364","Pgr",NA,-0.560254389222093,NA,NA,NA,NA
"365","Phox2b",NA,NA,NA,NA,NA,-1.06483947114114
"366","Pias2",NA,NA,NA,NA,-0.643625587760477,NA
"367","Pitx1",1.22580524317635,NA,NA,NA,NA,NA
"368","Pitx2",NA,-0.787578794439086,NA,NA,-2.16534066108887,-1.42490796088766
"369","Pitx3",0.782739762702671,NA,NA,NA,NA,NA
"370","Pknox2",-0.550349998422006,NA,NA,NA,-1.06410042973694,NA
"371","Plagl1",1.17746738958878,NA,NA,NA,1.43831199482602,NA
"372","Plek",0.810571792202763,NA,NA,NA,1.92559116248285,0.953183320177132
"373","Plscr1",-0.554508586078476,NA,NA,NA,-0.941818821740967,NA
"374","Pms1",NA,NA,NA,NA,-0.945197022275383,-0.693602413015165
"375","Pou1f1",NA,NA,NA,NA,3.94046631015476,2.13085388010813
"376","Pou2f1",-0.79702962385314,NA,NA,NA,-1.33684902093243,-0.518184727207679
"377","Pou2f2",NA,NA,NA,NA,1.31300186700162,1.05782022994062
"378","Pou2f3",0.954258481342773,NA,NA,NA,4.75789231539837,1.27516207083568
"379","Pou3f1",1.15590585695218,NA,NA,NA,1.84832019682868,NA
"380","Pou3f2",NA,NA,NA,NA,NA,-0.785575555865962
"381","Pou3f3",1.93547733336178,NA,NA,NA,1.3546437371571,NA
"382","Pou4f1",-0.913560126195639,NA,NA,NA,-0.990206217566983,NA
"383","Pou5f2",NA,NA,NA,NA,1.02694037749192,NA
"384","Pou6f2",-0.83261390902693,NA,NA,NA,-1.23549731957688,NA
"385","Ppara",0.581529727996116,0.630342044083652,NA,NA,1.20562798734161,0.574470570328894
"386","Pparg",1.32417712434732,0.858766161528112,0.973959416259494,0.973959416259494,3.67559698994888,2.07686642008141
"387","Prdm14",-0.744235609052445,NA,NA,NA,NA,NA
"388","Prdm16",-0.61438023424339,-1.03305150804745,NA,NA,-2.56544641804717,-1.82445168616102
"389","Prdm4",NA,NA,NA,NA,-0.63387538506235,NA
"390","Prdm6",NA,NA,NA,NA,0.774826163887039,NA
"391","Prdm8",0.860004027208391,0.809094688388655,NA,NA,2.06021844672413,1.10435669201587
"392","Prox1",1.49579038532116,NA,NA,NA,NA,NA
"393","Prrx1",NA,NA,NA,NA,-1.0507160801122,-0.657140471508254
"394","Prrx2",NA,NA,NA,NA,-0.994628286455695,-0.553926141261069
"395","Pura",NA,NA,NA,NA,0.716159945723557,0.566759717956841
"396","Rag1",-0.870021267566145,NA,NA,NA,-2.49353837553496,-1.46179795072054
"397","Rarb",1.36808483227601,NA,NA,NA,0.869182798259008,-0.539328986896338
"398","Rarg",NA,NA,NA,NA,-0.555311527302222,NA
"399","Rax",-1.58286778220985,NA,NA,NA,-3.34071300520266,NA
"400","Rcor2",-0.753717210568512,NA,NA,NA,-1.48729263553735,-0.711722761537546
"401","Rel",NA,NA,NA,NA,0.717082566686806,NA
"402","Rela",NA,NA,NA,NA,0.608750573370769,NA
"403","Relb",0.531715439732403,NA,0.521471256249665,0.521471256249665,1.39981588345762,0.842856881768694
"404","Repin1",NA,NA,NA,NA,-0.85727094148756,NA
"405","Rest",NA,NA,NA,NA,-0.656727617727081,-0.525956479619938
"406","Rfx3",NA,NA,NA,NA,-1.10273692988121,-0.656172156781847
"407","Rfx4",NA,NA,NA,NA,-1.64451754219731,-0.956098355840373
"408","Rfx5",NA,NA,NA,NA,-0.537731886070562,NA
"409","Rfx7",NA,NA,NA,NA,-0.83798116283516,NA
"410","Rfx8",NA,NA,NA,NA,-0.701790342967707,NA
"411","Rfxank",NA,NA,NA,NA,-0.648594709609152,-0.568670452269954
"412","Rorc",1.36002259277109,NA,NA,NA,1.46884053397598,NA
"413","Rreb1",0.640484517105317,NA,NA,NA,1.15818923508772,0.508547505533397
"414","Rsl1",NA,NA,NA,NA,-0.529170432080504,NA
"415","Runx1",0.805703156237071,NA,NA,NA,1.10338331182611,NA
"416","Runx3",0.921411705812423,NA,NA,NA,2.47621537133881,NA
"417","Sall1",-1.03966249101982,-0.548862471633059,NA,NA,-2.12580833469222,-1.04487733268043
"418","Sall2",NA,NA,NA,NA,-1.01770133911001,-0.714116450412528
"419","Sall3",-2.26380272028207,-1.15594715300458,NA,NA,-5.08906147257743,-2.25152433658229
"420","Sall4",-2.51479649056373,NA,NA,NA,-4.18280198739116,-1.18722571411207
"421","Satb1",NA,NA,NA,NA,-0.681908581100204,NA
"422","Scrt1",NA,NA,NA,NA,1.32231644006023,NA
"423","Scx",NA,-0.558035027200397,NA,NA,-1.1296094322061,-1.01488185138382
"424","Setbp1",NA,NA,NA,NA,-0.889469604992337,-0.531813372939808
"425","Shox2",-0.610513420966399,NA,NA,NA,-1.32133659527654,-0.628872192263032
"426","Sim2",NA,-1.10788993634743,NA,NA,-1.78057726163106,-1.56715802790095
"427","Six1",NA,-0.755223771633125,NA,NA,-1.27854802801062,-0.971637985194124
"428","Six2",NA,-1.06092799907488,NA,NA,-1.34334825136765,-1.43700002822337
"429","Six4",-0.864718307594059,-0.943836976673646,NA,NA,-2.22456152929888,-1.29914412961418
"430","Smad3",NA,NA,NA,NA,-0.525764833010017,NA
"431","Smad4",NA,NA,NA,NA,-0.557471608811202,NA
"432","Smad5",NA,NA,NA,NA,-0.799071634338572,-0.634946055568836
"433","Smad7",NA,NA,NA,NA,-0.788643199120052,-0.575644375065729
"434","Smad9",0.529151762312029,NA,NA,NA,NA,-0.999744365943783
"435","Smarca1",NA,NA,NA,NA,NA,-0.502521424014832
"436","Smarcc1",NA,NA,NA,NA,-1.01980787886064,-0.67047975848333
"437","Smarce1",NA,NA,NA,NA,-0.894559525246291,-0.562767478893802
"438","Snai2",NA,NA,NA,NA,-0.539293842741524,NA
"439","Sohlh1",0.996075955221714,NA,NA,NA,NA,NA
"440","Sox1",NA,NA,NA,NA,-1.79205658236147,NA
"441","Sox10",1.52169873014265,NA,NA,NA,2.23352354263296,NA
"442","Sox11",NA,-0.925911412099032,-0.726826829573984,-0.726826829573984,-2.27722006599298,-1.74617630408731
"443","Sox12",NA,NA,NA,NA,-0.953095700721024,-0.603261505348724
"444","Sox13",NA,NA,NA,NA,NA,0.541570836545998
"445","Sox14",-1.06368201332226,NA,NA,NA,-4.11453026924953,-1.36213097972623
"446","Sox17",NA,0.667946884353083,NA,NA,NA,NA
"447","Sox2",1.3704398371417,NA,NA,NA,2.45827679694479,NA
"448","Sox4",NA,NA,NA,NA,-0.756771196413566,-0.701299841503332
"449","Sox5",NA,-0.983903467526906,NA,NA,-1.62790249887454,-1.16851015869471
"450","Sox6",NA,-1.10518530452087,NA,NA,-1.67150453216147,-1.29465289446405
"451","Sox8",0.78450447075041,NA,NA,NA,0.984757322686146,NA
"452","Sox9",NA,-1.02835253468249,NA,NA,-1.69838814519781,-1.25865486042733
"453","Sp100",1.13010973205647,NA,1.17176804204599,1.17176804204599,3.81198281960482,1.80797070136488
"454","Sp110",1.19562117280991,NA,NA,NA,2.71156949803136,1.10427787230702
"455","Sp140",NA,NA,NA,NA,2.11404089176939,1.28054944432481
"456","Sp3",NA,NA,NA,NA,-0.534572001853183,NA
"457","Sp4",-0.503761370782712,-0.670049013256893,NA,NA,-1.61361864731868,-1.06855804601475
"458","Sp5",1.32276213161576,0.978940448904375,NA,NA,3.14299010245196,1.16587893906384
"459","Sp6",-1.88368568887242,NA,NA,NA,NA,NA
"460","Sp8",-1.80097995887527,-0.839659823890673,NA,NA,-2.82773036077316,NA
"461","Spi1",1.12027219045136,NA,NA,NA,3.17652013333496,1.65061280637049
"462","Spic",NA,0.756308961288635,NA,NA,2.81152801865616,1.95693922801103
"463","Stat1",NA,NA,NA,NA,0.774366220318251,NA
"464","Stat3",NA,NA,NA,NA,0.848041347339236,0.609685327744766
"465","Stat4",NA,NA,NA,NA,-0.721300887343415,NA
"466","Stat5a",0.691624753446809,0.579073823165532,0.50394282253576,0.50394282253576,1.81729270193244,1.09548422280519
"467","Stat5b",NA,NA,NA,NA,0.882178836860295,0.53258140069986
"468","Stat6",0.698844747324604,0.505417119447207,0.598054583994763,0.598054583994763,1.88247211901692,1.14107235920118
"469","Sub1",NA,NA,NA,NA,-0.617282916424834,NA
"470","T",-1.02217449197904,NA,NA,NA,-1.94655972930335,NA
"471","Tal1",NA,NA,NA,NA,1.32961254302678,1.05015400579696
"472","Tbx1",NA,NA,NA,NA,0.69092740548512,NA
"473","Tbx15",NA,NA,NA,NA,-0.554692717446912,NA
"474","Tbx18",NA,NA,NA,NA,-0.848812108997723,-0.523496415686718
"475","Tbx2",NA,NA,NA,NA,-0.958314786709702,-0.618468663184532
"476","Tbx20",NA,NA,NA,NA,NA,-1.14270865618889
"477","Tbx22",-2.12802668253396,NA,NA,NA,-2.74040162360399,NA
"478","Tbx3",NA,-0.507688897289753,NA,NA,-0.944637455888009,-0.859484667094314
"479","Tbx4",NA,NA,NA,NA,-0.602938787863912,NA
"480","Tbx5",NA,-0.578389760724122,NA,NA,-1.38619888102068,-0.912346355979264
"481","Tcf12",NA,NA,NA,NA,-0.553638107810287,NA
"482","Tcf15",NA,NA,NA,NA,-0.734457790971171,NA
"483","Tcf19",NA,NA,NA,NA,0.694665856775287,0.616980724603808
"484","Tcf24",2.50611660808359,0.637053230656202,NA,NA,4.00356759345007,1.32412716778374
"485","Tcf3",NA,NA,NA,NA,-0.648838276648013,NA
"486","Tcf7l2",NA,NA,NA,NA,-0.655379451793104,-0.627297750152498
"487","Tcfl5",NA,NA,NA,NA,0.97154344217754,NA
"488","Tead2",NA,NA,NA,NA,-0.956236570558366,-0.589434792676933
"489","Tead4",0.648094142525113,NA,NA,NA,1.15483234413547,NA
"490","Tef",NA,NA,NA,NA,0.580303559203656,NA
"491","Terf1",NA,NA,NA,NA,-0.577083258551662,NA
"492","Tfam",NA,NA,NA,NA,-0.640280051033716,NA
"493","Tfap2c",-1.12620221900928,NA,NA,NA,NA,NA
"494","Tfap4",NA,NA,NA,NA,-0.605483766130673,NA
"495","Tfb1m",NA,NA,NA,NA,-0.583442545012369,NA
"496","Tfcp2l1",0.91130594653329,NA,NA,NA,NA,NA
"497","Tfdp2",NA,NA,NA,NA,-1.04832609753951,-0.621682255813507
"498","Tfe3",NA,NA,NA,NA,0.597520447343826,NA
"499","Tfeb",0.680956616453444,NA,0.510092382413509,0.510092382413509,1.45006637929098,0.710596998212635
"500","Tfec",0.915375218788221,NA,NA,NA,2.80569451641195,1.53493051877283
"501","Tgif1",NA,NA,NA,NA,-1.13442519154794,-0.738891851065214
"502","Tgif2",NA,NA,NA,NA,-0.748427387635946,-0.558438439356081
"503","Thap2",NA,NA,NA,NA,-0.778612563594859,NA
"504","Thra",0.695854733072241,NA,NA,NA,1.23671956017298,0.532833816560582
"505","Thrb",1.34673264231237,NA,NA,NA,2.14465925857777,0.638290460422959
"506","Tox",NA,-0.578641948454204,NA,NA,-1.08027744117919,-0.589565384745102
"507","Tox2",1.56994705426714,0.528005015453799,NA,NA,2.20960854343075,NA
"508","Tox3",NA,-0.534107006233529,NA,NA,-1.09958348103351,-0.712542506207323
"509","Trps1",NA,-0.549726556162761,NA,NA,-1.2188932833797,NA
"510","Tsc22d4",NA,NA,NA,NA,0.759323118325972,0.504812124260324
"511","Tshz1",NA,NA,NA,NA,-0.900148662568733,-0.856540983720034
"512","Tshz2",0.881486892576666,NA,NA,NA,0.832105255619364,NA
"513","Tshz3",0.652271287134011,NA,NA,NA,NA,NA
"514","Tulp2",-1.10766732346376,NA,NA,NA,-1.42408697809809,NA
"515","Tulp4",NA,NA,NA,NA,-0.565479226942709,NA
"516","Twist2",0.905961378549128,0.774666080934995,NA,NA,1.92296983126793,0.988940779025851
"517","Uncx",-1.94839354840034,NA,NA,NA,-2.66499837210603,NA
"518","Vax2",NA,0.897743053154124,NA,NA,2.10691723990546,1.5581946914414
"519","Vdr",1.22795907170815,NA,NA,NA,2.73897742098888,NA
"520","Vezf1",NA,NA,NA,NA,-0.893900440810445,-0.638930397687199
"521","Vsx2",0.808702220027681,NA,NA,NA,2.3119473255587,NA
"522","Wdhd1",NA,NA,NA,NA,-0.840756824047601,NA
"523","Xbp1",NA,NA,NA,NA,0.854291734480847,0.528331306951148
"524","Ybx2",NA,NA,NA,NA,-1.2084493391113,-0.830597962994675
"525","Yeats4",NA,NA,NA,NA,-0.731288096797805,NA
"526","Yy2",NA,NA,NA,NA,-1.15546747913587,-0.65766907205201
"527","Zbed4",NA,NA,NA,NA,-0.838499835842161,NA
"528","Zbtb10",NA,NA,NA,NA,-0.790123491150826,NA
"529","Zbtb12",-0.589308555496712,NA,NA,NA,-1.40073565486768,-0.801991398776866
"530","Zbtb14",NA,NA,NA,NA,-0.681570364288713,NA
"531","Zbtb16",-1.54403901686102,NA,NA,NA,-1.07347485660281,NA
"532","Zbtb17",NA,NA,NA,NA,-0.623322792801724,NA
"533","Zbtb20",0.627523179315757,NA,NA,NA,1.48510627743721,0.802155664936862
"534","Zbtb26",-0.50130256810208,NA,NA,NA,-1.24549174098506,-0.726546172122704
"535","Zbtb33",NA,-0.508684189911316,NA,NA,-1.07827819812175,-0.803036455819239
"536","Zbtb37",NA,NA,NA,NA,-0.529510789638113,NA
"537","Zbtb38",NA,NA,NA,NA,0.635285971414231,NA
"538","Zbtb39",-0.542720621397612,NA,NA,NA,-1.29945424175682,-0.747720217866307
"539","Zbtb4",0.728847982070439,NA,NA,NA,1.53636381054915,0.777865739423271
"540","Zbtb41",NA,NA,NA,NA,-0.813487925265398,-0.711385908406257
"541","Zbtb46",-0.511442280257642,NA,NA,NA,-0.724885191527917,NA
"542","Zbtb5",NA,NA,NA,NA,-0.860656675964584,NA
"543","Zbtb6",NA,NA,NA,NA,-0.776701718697205,-0.532052024021547
"544","Zbtb7a",NA,NA,NA,NA,0.955528416729722,0.737791460208506
"545","Zbtb7b",0.694499710568272,NA,0.845388676937193,0.845388676937193,2.35233509280745,1.51712356056958
"546","Zbtb7c",1.67434217808315,NA,NA,NA,2.17210002743675,NA
"547","Zbtb8a",NA,NA,NA,NA,0.540012949445577,NA
"548","Zeb1",NA,NA,NA,NA,0.610432356729013,NA
"549","Zeb2",1.28846936077415,0.726900288685695,NA,NA,2.31849016107444,0.96306775680617
"550","Zfhx2",NA,NA,NA,NA,-0.911936465715375,-0.719103863829075
"551","Zfhx3",NA,NA,NA,NA,-0.677534398398039,-0.702336383124981
"552","Zfhx4",NA,NA,NA,NA,-0.870072580017743,-0.71525870272934
"553","Zfp101",NA,NA,NA,NA,-1.20282407401511,-0.73583882968755
"554","Zfp105",NA,NA,NA,NA,-0.948167879610767,-0.558865800296862
"555","Zfp109",NA,NA,NA,NA,-0.637585548246432,NA
"556","Zfp11",NA,NA,NA,NA,-0.543886639748003,NA
"557","Zfp112",NA,NA,NA,NA,0.633608888287898,NA
"558","Zfp113",-0.605599815133119,NA,NA,NA,-1.18405219341071,-0.571854779560526
"559","Zfp119a",NA,NA,NA,NA,-0.542414673536683,NA
"560","Zfp128",NA,NA,NA,NA,-0.955421327017643,-0.512874071015069
"561","Zfp13",NA,NA,NA,NA,-0.676694234110004,NA
"562","Zfp131",NA,NA,NA,NA,-0.612349903839461,-0.554170812256908
"563","Zfp141",NA,NA,NA,NA,-0.7505552411155,-0.58110133497832
"564","Zfp143",NA,NA,NA,NA,-0.536820346618099,NA
"565","Zfp157",NA,NA,NA,NA,-0.661021007471919,-0.665144050223669
"566","Zfp160",NA,NA,NA,NA,-0.623209929905142,NA
"567","Zfp184",NA,NA,NA,NA,-1.41266310768524,-1.01727666362735
"568","Zfp2",NA,NA,NA,NA,-1.22767621580014,-0.720971561318784
"569","Zfp207",NA,NA,NA,NA,-0.636372398762026,NA
"570","Zfp219",NA,NA,NA,NA,-1.06720258386876,-0.659671301128396
"571","Zfp229",NA,NA,NA,NA,-0.562674413672335,-0.505902395291514
"572","Zfp239",NA,NA,NA,NA,-0.749553064141321,-0.519020809440306
"573","Zfp26",NA,NA,NA,NA,-0.97947735297574,-0.643954345967577
"574","Zfp266",NA,NA,NA,NA,-1.05734098534443,-0.761116087682466
"575","Zfp280b",NA,NA,NA,NA,-0.865658735831416,NA
"576","Zfp280c",NA,NA,NA,NA,-0.916941590735364,-0.728257266177005
"577","Zfp280d",NA,NA,NA,NA,-0.947639519783241,-0.657147415959884
"578","Zfp281",NA,NA,NA,NA,-1.06467065844671,-0.729783886335494
"579","Zfp286",NA,NA,NA,NA,-0.573732451726557,NA
"580","Zfp287",NA,NA,NA,NA,-0.750324485905546,NA
"581","Zfp292",NA,NA,NA,NA,-0.921034598451946,-0.629965707315543
"582","Zfp317",NA,NA,NA,NA,-0.794510387933477,NA
"583","Zfp322a",NA,NA,NA,NA,-0.876023507769979,-0.561860127663052
"584","Zfp326",NA,NA,NA,NA,-0.868657505172935,-0.603497902187807
"585","Zfp329",NA,NA,NA,NA,-0.788657233990394,-0.509756485032564
"586","Zfp334",NA,NA,NA,NA,-1.09963040836136,-0.726356597014739
"587","Zfp362",NA,NA,NA,NA,-0.650691336689057,-0.508494659608963
"588","Zfp36l1",0.58177803549854,NA,NA,NA,0.779171390093877,NA
"589","Zfp37",NA,NA,NA,NA,-1.10562404207902,-0.826206888636212
"590","Zfp385a",NA,NA,NA,NA,NA,0.549956014152945
"591","Zfp386",NA,NA,NA,NA,-0.7578664393174,-0.573870647217658
"592","Zfp397",NA,NA,NA,NA,-0.948962013530718,-0.685248525387521
"593","Zfp41",-0.577177656472128,NA,NA,NA,-1.2933085613155,-0.704561198005662
"594","Zfp410",NA,NA,NA,NA,-0.577960992955056,NA
"595","Zfp418",NA,NA,NA,NA,-0.793277636090271,NA
"596","Zfp422",NA,NA,NA,NA,-0.943983198125708,-0.703200051685449
"597","Zfp423",NA,-0.527226571045474,NA,NA,-1.01195575147719,-0.879026757419358
"598","Zfp433",NA,NA,NA,NA,-0.714879556901795,NA
"599","Zfp442",NA,NA,NA,NA,-0.905131055486273,-0.627775071327561
"600","Zfp445",NA,NA,NA,NA,-0.524700177327495,NA
"601","Zfp446",NA,NA,NA,NA,-0.865432512933869,NA
"602","Zfp454",NA,NA,NA,NA,-0.981585249190443,-0.652364586797613
"603","Zfp459",-0.667095385306324,NA,NA,NA,-1.30220417934567,NA
"604","Zfp473",-0.825322335276341,NA,NA,NA,-1.20978949634963,NA
"605","Zfp493",-0.502612334604261,NA,NA,NA,-1.03483376621101,-0.504196923769807
"606","Zfp503",NA,NA,NA,NA,-0.827065003760403,NA
"607","Zfp507",NA,NA,NA,NA,-0.617160805985541,NA
"608","Zfp51",NA,NA,NA,NA,-0.505681331205353,NA
"609","Zfp516",NA,NA,NA,NA,-0.869682509377947,NA
"610","Zfp518b",NA,NA,NA,NA,-1.07834738012769,-0.629870822727879
"611","Zfp524",NA,NA,NA,NA,1.00532179482453,0.667847564633358
"612","Zfp532",NA,NA,NA,NA,-0.790506103802646,-0.548722547906273
"613","Zfp536",1.4070595589419,NA,NA,NA,2.00181453095069,NA
"614","Zfp541",0.856916071851573,0.677604318777903,NA,NA,1.46813310839722,NA
"615","Zfp553",NA,NA,NA,NA,-0.84518546367199,NA
"616","Zfp558",NA,NA,NA,NA,-1.02707437848507,-0.947266900344604
"617","Zfp560",NA,NA,NA,NA,-0.696115464688804,NA
"618","Zfp563",NA,NA,NA,NA,-0.557520460753445,NA
"619","Zfp566",NA,NA,NA,NA,-0.777865602132539,NA
"620","Zfp575",0.522497472910534,NA,NA,NA,1.1138787690366,0.580053922310892
"621","Zfp58",NA,NA,NA,NA,-0.578339302754277,NA
"622","Zfp599",NA,NA,NA,NA,-1.59653241031425,-1.09344361323131
"623","Zfp60",NA,NA,NA,NA,-0.9464862651903,-0.694324583269037
"624","Zfp606",NA,NA,NA,NA,-1.12600645922812,-0.7015671216989
"625","Zfp609",NA,NA,NA,NA,-0.556800706924996,NA
"626","Zfp617",NA,NA,NA,NA,-0.881852651163314,-0.541657541662855
"627","Zfp618",NA,NA,NA,NA,NA,-0.571043389506436
"628","Zfp619",NA,NA,NA,NA,-0.650515066948666,NA
"629","Zfp62",NA,NA,NA,NA,-0.771332747166187,-0.538818102289105
"630","Zfp626",NA,NA,NA,NA,-0.698527819181055,NA
"631","Zfp629",-0.50685556570549,NA,NA,NA,-1.10539219752141,-0.592030635283583
"632","Zfp641",1.28328474054673,NA,NA,NA,1.96649569244739,NA
"633","Zfp644",NA,NA,NA,NA,-0.772042838474833,-0.562662682999799
"634","Zfp646",NA,NA,NA,NA,-0.60051202519952,NA
"635","Zfp647",NA,NA,NA,NA,-1.11338412961434,-0.60894909046528
"636","Zfp648",NA,-0.657777106791423,NA,NA,NA,NA
"637","Zfp65",NA,NA,NA,NA,-0.783648877235841,-0.607303575554122
"638","Zfp651",NA,NA,NA,NA,0.943718345126159,NA
"639","Zfp654",NA,NA,NA,NA,-0.68727019501801,-0.634462384093391
"640","Zfp663",NA,-0.663822593263552,-0.784449015218254,-0.784449015218254,-2.46117107315421,-1.63415943469781
"641","Zfp664",NA,NA,NA,NA,-1.23369796253422,-0.731227017728841
"642","Zfp668",NA,NA,NA,NA,-0.90577761398161,NA
"643","Zfp687",NA,NA,NA,NA,-0.650039067760484,NA
"644","Zfp689",NA,NA,NA,NA,-0.770522315476129,NA
"645","Zfp691",NA,NA,NA,NA,-0.556974959270962,NA
"646","Zfp697",NA,NA,NA,NA,-1.1247945173601,-0.73349285724286
"647","Zfp7",NA,NA,NA,NA,-0.865175233839725,NA
"648","Zfp708",NA,NA,NA,NA,-0.664473024556916,-0.652221338664062
"649","Zfp710",NA,NA,NA,NA,0.663337706895901,0.644214971164987
"650","Zfp711",NA,NA,NA,NA,-1.18379303878899,-0.90236039377969
"651","Zfp712",NA,NA,NA,NA,-0.569091763868198,NA
"652","Zfp719",NA,NA,NA,NA,-0.50059277651408,NA
"653","Zfp729a",NA,NA,NA,NA,-0.632853408366727,-0.609146924842287
"654","Zfp729b",NA,NA,NA,NA,-0.592318722915338,NA
"655","Zfp748",NA,NA,NA,NA,-0.72971893336814,NA
"656","Zfp750",NA,NA,NA,NA,1.59110672576864,NA
"657","Zfp758",NA,NA,NA,NA,-0.57473803513183,NA
"658","Zfp760",NA,NA,NA,NA,-1.15322988095454,-0.685017249284285
"659","Zfp763",NA,NA,NA,NA,-0.870950526212724,-0.584776910957745
"660","Zfp770",NA,NA,NA,NA,-0.590568846185627,-0.500455925260254
"661","Zfp772",NA,NA,NA,NA,-0.573821176195473,NA
"662","Zfp773",NA,NA,NA,NA,-1.09390075381321,-0.688446849112144
"663","Zfp775",NA,NA,NA,NA,-0.761966579852731,NA
"664","Zfp786",NA,NA,NA,NA,-0.557172220507384,-0.608967135336967
"665","Zfp788",NA,NA,NA,NA,-0.727459510982349,-0.542363963572383
"666","Zfp799",NA,NA,NA,NA,-0.860961526585787,-0.625666129607442
"667","Zfp808",NA,NA,NA,NA,-1.32773597029307,-0.899006189887928
"668","Zfp809",NA,NA,NA,NA,0.506738017691495,NA
"669","Zfp81",NA,NA,NA,NA,-0.752603427081217,-0.651961801273575
"670","Zfp810",NA,NA,NA,NA,-1.09333015920843,-0.725412648442616
"671","Zfp811",NA,NA,NA,NA,-0.600933338178849,NA
"672","Zfp819",-1.13783834038597,NA,NA,NA,-3.32031466606431,-1.72259565265919
"673","Zfp820",NA,NA,NA,NA,-0.722007894206644,NA
"674","Zfp831",2.99289934692373,0.60479207498122,-1.02082417452402,-1.02082417452402,2.72062160857398,NA
"675","Zfp850",NA,NA,NA,NA,-1.20825385483697,-0.698818101402522
"676","Zfp866",NA,NA,NA,NA,-0.611420868522967,NA
"677","Zfp868",NA,NA,NA,NA,-0.654800284154585,NA
"678","Zfp871",NA,NA,NA,NA,-0.675053707770277,NA
"679","Zfp873",NA,NA,NA,NA,-0.830117242976719,-0.615791603542713
"680","Zfp879",NA,NA,NA,NA,-0.973755070166315,NA
"681","Zfp882",NA,NA,NA,NA,-0.983976525229566,-0.739129217547576
"682","Zfp9",0.614870472166535,NA,NA,NA,0.717131005518306,NA
"683","Zfp92",NA,-0.577591959856165,NA,NA,-1.45099687584406,-1.23515041107115
"684","Zfp93",NA,NA,NA,NA,-0.630312525281506,NA
"685","Zfp930",NA,NA,NA,NA,-0.668347796847709,NA
"686","Zfp931",NA,NA,NA,NA,-0.912084252114465,-0.659805684591964
"687","Zfp932",NA,NA,NA,NA,-0.862770628142005,-0.607824792092055
"688","Zfp934",NA,-0.51595999068294,NA,NA,-1.35380093164942,-0.954448800354627
"689","Zfp935",NA,NA,NA,NA,-0.543360544124135,NA
"690","Zfp938",NA,NA,NA,NA,-0.662113864455329,-0.510404434438789
"691","Zfp940",NA,NA,NA,NA,-0.935193703331019,-0.549563909564278
"692","Zfp941",NA,-0.829363257506094,NA,NA,-1.96357165840992,-1.60444973243405
"693","Zfp942",NA,NA,NA,NA,-0.990862290980131,-0.770579167287258
"694","Zfp943",NA,NA,NA,NA,-0.578547178241956,-0.550490259535902
"695","Zfp944",NA,NA,NA,NA,-0.917345976062695,-0.63647223132567
"696","Zfp945",NA,NA,NA,NA,-0.743387264239141,-0.615434591508106
"697","Zfp946",NA,NA,NA,NA,-1.28354293460343,-0.822659416228483
"698","Zfp948",NA,NA,NA,NA,0.565842069052224,NA
"699","Zfp959",NA,NA,NA,NA,-0.634786147754425,NA
"700","Zfp960",NA,NA,NA,NA,-0.523614115295837,NA
"701","Zfp961",NA,NA,NA,NA,-0.754850140003203,NA
"702","Zfpm1",NA,NA,NA,NA,0.657890374411208,NA
"703","Zfpm2",1.44416363359658,NA,NA,NA,1.80798811133481,NA
"704","Zhx3",NA,NA,NA,NA,0.681313082132367,NA
"705","Zic1",NA,0.526460026080968,NA,NA,NA,1.09464875436679
"706","Zic2",-1.64678403363481,-1.06962557657782,NA,NA,-3.61863823260432,-1.75170939834047
"707","Zic3",-1.39626520293122,NA,NA,NA,-1.98718552456119,-0.534018925530978
"708","Zic4",-1.24362380717782,NA,NA,NA,NA,1.08367909686348
"709","Zic5",-1.98214395782881,-1.05691313146615,NA,NA,-3.70398216541653,-1.45762218359124
"710","Zik1",-0.729994978147792,-0.622544888319987,NA,NA,-1.94502362325473,-1.17822724899272
"711","Zim1",0.841603477663995,NA,NA,NA,1.14491702180448,NA
"712","Zkscan1",NA,NA,NA,NA,-0.717122389724333,NA
"713","Zkscan2",NA,NA,NA,NA,-1.0966845225017,-0.941277984539204
"714","Zkscan3",NA,NA,NA,NA,-0.604628097497438,NA
"715","Zkscan4",NA,NA,NA,NA,0.589710471420919,NA
"716","Zkscan5",NA,NA,NA,NA,-0.55752277323311,NA
"717","Zkscan8",NA,NA,NA,NA,-0.837185625733265,-0.576560257529047
"718","Znfx1",NA,NA,NA,NA,0.575982708779153,NA
"719","Zscan10",-0.921170764865366,-0.731293164108634,NA,NA,-2.07235228658759,-0.996004266182058
"720","Zscan12",NA,NA,NA,NA,-0.867869766909996,NA
"721","Zscan2",NA,NA,NA,NA,-0.984269201516885,-0.720969334300627
"722","Zscan20",NA,NA,NA,NA,-0.859236586086249,-0.526169827453133
"723","Zscan21",NA,NA,NA,NA,-0.586619154232944,NA
"724","Zxdb",NA,NA,NA,NA,-0.828179495301348,-0.746998742486395
