,e11.sample1,e11.sample2,e11.sample3,e11.sample4,e11.sample5,e12.sample1,e12.sample2,e12.sample3,e12.sample4,e12.sample5,e12.sample6,e12.sample7,e13.sample1,e13.sample2,e13.sample3,e13.sample4,e13.sample5,e13.sample6,e13.sample7,e14.sample1,e14.sample2,e14.sample3,e14.sample4,cluster,Family
Eomes,0.924316784,0.886948732,0.840119764,0.673866546,0.760637601,1,0.834106583,0.748876828,0.634343714,0.577076395,0.686778183,0.667248886,0.254014058,0,0.148423476,0.099616679,0.318049314,0.221212378,0.639793487,0.013105373,0.203054818,0.487021083,0.627002104,1,T-box
Tbx5,0.8330575,0.994134926,1,0.938163384,0.993306917,0.557432189,0.50159904,0.534928687,0.292039295,0.365992474,0.392572737,0.339275752,0.20449205,0.07556439,0.155442478,0.12224046,0.324719309,0.210874286,0.277872294,0.074137331,0.065216706,0,0.147137249,1,T-box
Hmgb3,0.862467624,0.99889704,1,0.988783316,0.910562537,0.537687193,0.503879151,0.421337188,0.422008916,0.329259744,0.356118796,0.295481945,0.219609589,0.214206212,0.277956314,0.205265629,0.229936087,0.210154134,0.329605078,0.030141835,0.05531435,0,0.014980403,1,HMG
Sox11,0.823092544,1,0.996276413,0.919937045,0.935047751,0.655906289,0.60281172,0.563091647,0.516940718,0.472789061,0.573321696,0.553415214,0.235813355,0.239855194,0.386739569,0.236467664,0.295035408,0.197342753,0.339544357,0,0.009047348,0.085996459,0.12379864,1,HMG
Sox5,0.670531315,0.96493366,0.946986627,0.89977539,1,0.645764629,0.528268617,0.547231919,0.637525347,0.474827089,0.767923836,0.728827037,0.389810096,0.432666607,0.3731417,0.254000605,0.234745943,0.245438358,0.486668527,0.053447444,0,0.477255265,0.550158957,1,HMG
Sox6,0.6842741,0.997571639,0.989769802,0.931869532,1,0.715650266,0.625126915,0.589199167,0.612212294,0.549729976,0.818253046,0.781074913,0.345112779,0.423286534,0.343000691,0.225420166,0.303609924,0.228732623,0.562307826,0.048891162,0,0.494560499,0.558919442,1,HMG
Sox9,0.693421546,0.952761063,0.963573123,0.894283115,1,0.629483111,0.580835166,0.567827848,0.645339155,0.496659573,0.798926747,0.703236259,0.299663505,0.35755593,0.393964085,0.168829142,0.28367311,0.203903759,0.561514337,0.026854482,0,0.482097469,0.515384297,1,HMG
Tox3,0.760395627,1,0.989559705,0.854771331,0.997989846,0.679166945,0.621569515,0.631810141,0.142603262,0.439517905,0.205033209,0.313944849,0.133790293,0.147219612,0.067306574,0.261119731,0.391886986,0.388012345,0.222831881,0.240780001,0.237641566,0,0.161053958,1,HMG
Hmga1,0.818206075,1,0.898922391,0.830788652,0.77995101,0.294594932,0.104123818,0.19674682,0.46607265,0.226165646,0.063356951,0.035524881,0.094596547,0.045930817,0.23022423,0.108035955,0.190462583,0.263315866,0.343132402,0.130076218,0.20819338,0,0.091140107,1,HMGA
Hmga2,0.914906113,0.998767123,1,0.916995808,0.961218948,0.757563437,0.755036501,0.649845798,0.549697472,0.443758042,0.432842574,0.469367252,0.286768686,0.311905726,0.298785846,0.353441068,0.390663812,0.260645787,0.503029636,0.280313658,0.234415014,0,0.00791097,1,HMGA
Dlx1,0.274493018,0.667020572,0.648202397,0.959201126,1,0.067678614,0.12497805,0.034299375,0.586493806,0.542098148,0.342037946,0.357888954,0.369637469,0.491576644,0.374672688,0.364858382,0.17554497,0.081623326,0.194227969,0.151645418,0.127077462,0,0.134338369,1,Homeobox
Dlx2,0.440350172,0.795904378,0.777370559,0.973277735,1,0.166691933,0.259756647,0.20912429,0.51659121,0.473451009,0.42446508,0.400073261,0.235416975,0.357831662,0.411733394,0.244705241,0.11471424,0.161526411,0.266189146,0.108189819,0.156513118,0,0.333667079,1,Homeobox
Evx1,0.803045598,0.960363798,0.97559411,1,0.88683059,0.351171953,0.272885955,0.337470106,0.4993091,0.290876079,0.39695183,0.362316018,0.261485637,0.359123365,0.46574338,0.081129789,0.214443063,0.262078413,0.165703122,0,0.094657793,0.215921579,0.226726261,1,Homeobox
Evx2,0.878860342,1,0.988084753,0.919227479,0.778863044,0.839922474,0.698877144,0.814704985,0.718879993,0.451010696,0.716542514,0.569528701,0.276723259,0.212301515,0.385813469,0.387575353,0.469362119,0.352229113,0.550737356,0.063604067,0,0.191901481,0.434706168,1,Homeobox
Gsc,0.778720199,0.976381514,1,0.916942052,0.981576769,0.602660207,0.653770018,0.662220004,0.501834813,0.371568437,0.491859177,0.305834359,0.157756662,0.111957656,0,0.191206927,0.358303496,0.191354352,0.475157525,0.100582892,0.228919818,0.055860154,0.018630314,1,Homeobox
Hdx,0.736895539,1,0.896062994,0.719307691,0.797510049,0.444970802,0.512560977,0.519771484,0.239683074,0.230404951,0.384247788,0.160393712,0.172444559,0.174602004,0.090521125,0.20920293,0.157603753,0.190302076,0,0.051233338,0.098140109,0.056870513,0.035025597,1,Homeobox
Hoxa10,0.842123932,0.974164837,0.977281103,1,0.980088191,0.475220089,0.349248204,0.358264713,0.18757556,0.301712901,0.392616477,0.324871597,0.225896266,0.195996665,0.234675282,0.122210876,0.32236952,0.219142913,0.187325227,0.116677638,0.134865753,0,0.125259816,1,Homeobox
Hoxa11,0.785307151,0.91026439,0.92197229,1,0.949532615,0.356730165,0.259860466,0.19704517,0,0.178714011,0.194825503,0.146437572,0.204747188,0.177991109,0.124348103,0.107688995,0.339876136,0.315534303,0.198018013,0.228411093,0.310014608,0.016989561,0.083597327,1,Homeobox
Hoxa2,0.906505299,0.972115576,1,0.749793304,0.748617579,0.521358678,0.81615746,0.680479809,0.479482656,0.417163281,0.296143079,0.263172648,0.060030996,0.12039592,0.072086141,0.312210808,0.42127428,0.090295931,0.448580734,0.275544797,0.308226012,0.040613395,0,1,Homeobox
Hoxa3,0.834663074,1,0.997781925,0.89364262,0.908886839,0.527873064,0.657861586,0.650386868,0.483959482,0.470655035,0.403379935,0.333328142,0.145852051,0.134673962,0.179325393,0.281893242,0.368163593,0.129036214,0.443455061,0.15346309,0.223446259,0,0.163518927,1,Homeobox
Hoxa4,0.757381039,0.937106166,1,0.867342033,0.743525059,0.477399895,0.652314388,0.578308588,0.468130607,0.421182896,0.155277905,0.219596772,0.100987611,0,0.1679361,0.252259773,0.390360503,0.078298765,0.414692676,0.106082404,0.147430771,0.029620477,0.127022851,1,Homeobox
Hoxa5,0.863976074,0.970818103,1,0.901834635,0.926812081,0.649596689,0.705312601,0.71518839,0.526923518,0.400134922,0.402035573,0.320051384,0.088952936,0.13886224,0.181590341,0.288655085,0.344025367,0.104718739,0.449110159,0.136627628,0.233528599,0.067727905,0,1,Homeobox
Hoxa6,0.914893955,0.999199066,1,0.957531251,0.998859581,0.638621856,0.593935576,0.675632787,0.535972863,0.361574244,0.449246361,0.438079537,0.22577011,0.268011605,0.157004085,0.324546458,0.318731445,0.227026239,0.452932152,0.333535832,0.254317575,0,0.129315976,1,Homeobox
Hoxa7,0.960209238,0.982064083,1,0.914401234,0.869093389,0.590644218,0.782319241,0.700432917,0.533404156,0.244669098,0.184822848,0.272053592,0.149062396,0.258415318,0.09383173,0.477534693,0.393353513,0.222142939,0.323391798,0.340668782,0.315547275,0.105614134,0,1,Homeobox
Hoxa9,1,0.989781623,0.989185402,0.97878621,0.991557484,0.523658025,0.381939981,0.415566855,0.264131682,0.26298681,0.341529933,0.2825881,0.224949897,0.266248069,0.234764817,0.207417264,0.378423193,0.16095404,0.191980301,0,0.068916406,0.061470328,0.143311845,1,Homeobox
Hoxd10,0.815492167,1,0.976734589,0.978797674,0.871818886,0.495759596,0.321991331,0.443870899,0.347106938,0.329406603,0.513539809,0.42397204,0.340701463,0.163564691,0.265820724,0.276625226,0.446850234,0.22320592,0.21190042,0,0.009008942,0.24858798,0.376614529,1,Homeobox
Hoxd11,0.824664646,0.991787499,0.994118452,1,0.88988764,0.574595974,0.434396104,0.556394666,0.442221475,0.391127284,0.545021938,0.433114954,0.30233159,0.144379062,0.300496064,0.242333625,0.388253095,0.287130234,0.310881212,0.036566095,0,0.19085795,0.320834195,1,Homeobox
Hoxd12,0.852868261,1,0.980990004,0.954348763,0.788225053,0.729911436,0.57523471,0.684107055,0.599109871,0.455743355,0.605903665,0.505126121,0.305012002,0.197412428,0.39872667,0.283248243,0.426224535,0.393421384,0.491583076,0.089390092,0,0.17719845,0.353061754,1,Homeobox
Hoxd13,0.88484534,1,0.976531131,0.938052314,0.798392453,0.830023944,0.719492481,0.739801614,0.635655002,0.524579911,0.745412622,0.647387514,0.35687226,0.281112263,0.510342941,0.291684833,0.449735431,0.345126516,0.480528276,0,0.004074445,0.249461408,0.36316757,1,Homeobox
Hoxd9,0.670034383,0.891972492,0.946788573,0.964992696,1,0.208119811,0.064257661,0.179470024,0.167331434,0.075424386,0.218887917,0.107162257,0.195743393,0.105584567,0.082135527,0.125898028,0.361746629,0.130332954,0.04796123,0.048252645,0,0.100840046,0.170292183,1,Homeobox
Lhx2,0.876224756,0.975005281,1,0.982773289,0.975562401,0.686096335,0.646127087,0.614804947,0.737433729,0.544011796,0.701646937,0.608265627,0.409705779,0.347312339,0.576808179,0.318612641,0.436446891,0.350001802,0.535880383,0.11913684,0,0.237911287,0.330967043,1,Homeobox
Lhx9,0.895324842,0.969967039,0.968717638,0.947145335,1,0.664198278,0.593933599,0.583522615,0.661430257,0.456341624,0.528270917,0.509768872,0.281045223,0.285563283,0.474465111,0.248855986,0.325418837,0.22967497,0.432525889,0.096880709,0,0.137465601,0.209798739,1,Homeobox
Lmx1b,0.814011821,0.975604836,1,0.966579675,0.95469485,0.60272628,0.435344229,0.550802837,0.346028421,0.536266488,0.54971045,0.422917382,0.536140406,0.325545055,0.309516864,0.354465227,0.410075477,0.316291284,0.367716811,0.239200458,0,0.123120722,0.279199407,1,Homeobox
Msx2,0.772065542,1,0.973395014,0.946618643,0.991852772,0.570016279,0.511231542,0.66063434,0.663903869,0.57548474,0.600636678,0.534000118,0.377580234,0.431309768,0.614727201,0.240137366,0.422060742,0.345782486,0.48262714,0.061685426,0,0.486435574,0.548332925,1,Homeobox
Pitx2,1,0.950360779,0.922941989,0.677473967,0.773821776,0.665917514,0.79702328,0.746064779,0.590764354,0.209704393,0.081583279,0.212426379,0.041311351,0.175978065,0.068497795,0.391465392,0.04521601,0.130261464,0.446638627,0.182062128,0.332621756,0.061522272,0,1,Homeobox
Pknox2,0.951714446,0.996315794,1,0.966376584,0.825469264,0.573486501,0.607440136,0.519799625,0.432101556,0.183582379,0.29343176,0.261725194,0.21038265,0.217299953,0,0.364388185,0.179448902,0.231268735,0.471287221,0.352394163,0.45188916,0.056195266,0.090614906,1,Homeobox
Shox2,0.91913374,0.959602273,1,0.862799491,0.961242084,0.648444778,0.573251176,0.651992443,0.404099748,0.246507316,0.221188693,0.200289995,0.282848906,0.321350612,0.178579863,0.291007011,0.382438498,0.326040697,0.368837433,0.348465154,0.415118999,0.080910253,0,1,Homeobox
Six1,0.985168246,0.992387267,1,0.825650386,0.905624257,0.599117468,0.602293413,0.590776091,0.498373096,0.356208298,0.53202542,0.481188068,0.062828495,0.178952919,0.076247818,0.228750356,0.160713797,0.098363757,0.530732371,0.206206882,0.208821521,0,0.242243526,1,Homeobox
Six2,1,0.99611172,0.978381669,0.718925576,0.93145041,0.768501699,0.749786698,0.782289915,0.644781705,0.586993932,0.805189698,0.591683036,0.183421823,0.156432667,0.177221812,0.118593878,0.329510004,0.213344046,0.532339525,0.037323504,0,0.221476778,0.313815651,1,Homeobox
Six4,0.891143283,1,0.976907347,0.916400503,0.942067337,0.53503747,0.513116723,0.518116961,0.40756968,0.277664344,0.408459211,0.381263291,0.055019782,0.114300829,0.123822197,0.135380056,0.114899187,0.078110276,0.332139427,0.045475095,0,0.106267557,0.171482035,1,Homeobox
Tgif1,0.91595171,0.99915531,1,0.951262618,0.983881791,0.453629114,0.507404855,0.508404666,0.496139698,0.38810612,0.295023063,0.301239616,0.123562302,0.181073673,0.293478164,0.248405163,0.231050936,0.21560842,0.479396565,0.132995736,0.152543,0,0.097892445,1,Homeobox
Bhlha9,0.452705629,0.861491993,0.858853514,0.996545265,1,0.236510959,0.251285252,0.214137233,0.267709786,0.449489025,0.385915511,0.34645501,0.051841844,0,0.303887974,0.092345587,0.078995409,0.123329606,0.208638065,0.017766429,0.04225928,0.077488258,0.085094355,1,bHLH
Hand2,0.844658712,0.968391588,0.96326894,1,0.943193255,0.549721861,0.489660975,0.49068043,0.440762774,0.312179386,0.412575239,0.322395065,0.229169174,0.143500086,0.216490358,0.1504482,0.301973787,0.253395633,0.368239094,0.162121326,0.133829441,0,0.138850538,1,bHLH
Hey1,0.934888712,1,0.9875851,0.950560729,0.894824823,0.465770042,0.458462078,0.512688586,0.445309335,0.280338125,0.182427793,0.182971634,0.032998304,0.082169715,0.142727997,0.164511455,0.245374521,0.165278164,0.302875495,0.071078246,0.110236647,0,0.053643486,1,bHLH
Mlxipl,0.908940013,1,0.981501476,0.931347006,0.940126381,0.264464074,0.310281928,0.39455966,0.35152573,0.378496044,0.461528934,0.404899654,0.397058393,0.406772303,0.466243693,0.218724958,0.545203407,0.148822593,0.29322205,0.210063736,0,0.026649408,0.039416842,1,bHLH
Mycn,0.797782521,0.997793215,0.994671303,0.996816779,1,0.315132955,0.288502084,0.38752294,0.505058437,0.308202832,0.369247957,0.303746091,0.149005503,0.156274086,0.341273067,0.176717994,0.228908521,0.16197428,0.28129832,0.011391898,0.007219524,0,0.077841655,1,bHLH
Scx,0.828127579,0.969082155,1,0.923191294,0.90896511,0.62197062,0.643086175,0.700226617,0.550987201,0.662430963,0.796429613,0.509824268,0.488652177,0.353171421,0.485600458,0.379562989,0.547430968,0.519945684,0.413434308,0.007303371,0,0.386499773,0.531416869,1,bHLH
Sim2,0.86754195,1,0.958343108,0.756281122,0.853046293,0.687140325,0.788222872,0.790806609,0.551596599,0.435249145,0.533309306,0.472708872,0.031697798,0.209179708,0.058116588,0.280214954,0.316908905,0.120685466,0.477291191,0.267527008,0.143808521,0,0.118966905,1,bHLH
Hic2,0.755676266,1,0.980061338,0.947021877,0.882992845,0.357456083,0.321925608,0.356959658,0.274485394,0.17397327,0.163443492,0.173138012,0.135000246,0.14879886,0.04726935,0.220708991,0.130552563,0.086516809,0.306879557,0.093293794,0.179322537,0.067204955,0,1,ZBTB
Zbtb12,0.836665616,1,0.999098195,0.957122556,0.952982047,0.44437578,0.447223743,0.389774743,0.431240706,0.364152832,0.38035402,0.301588186,0.192688704,0.191959428,0.218576903,0.217535596,0.175521615,0.207177851,0.357957989,0.117997887,0.176184409,0,0.086531892,1,ZBTB
Zbtb16,0.747160606,1,0.999918857,0.986141613,0.963908143,0.378814814,0.164309504,0.364167792,0.337589059,0,0.044193484,0.135476072,0.19839502,0.171736592,0.269507435,0.24033647,0.195103234,0.11707423,0.391891101,0.238825652,0.431900924,0.312150597,0.334221273,1,ZBTB
Zbtb26,0.852280242,1,0.988814001,0.861079791,0.936053797,0.454489307,0.35006088,0.390499782,0.212310685,0.367732748,0.392530809,0.368505493,0.267690173,0.344970714,0.225127821,0.244786703,0.199237206,0.067100638,0.157904127,0,0.147387233,0.170844188,0.185364772,1,ZBTB
Zbtb39,0.745991746,1,0.992401242,0.902509698,0.943172438,0.349481157,0.33274789,0.402286365,0.357493819,0.315712384,0.334869295,0.261417255,0.179293605,0.098420076,0.201100985,0.219499019,0.162774879,0.134321412,0.321127947,0,0.088987168,0.031479896,0.135709069,1,ZBTB
5730507C01Rik,0.960144977,1,0.947834244,0.849498334,0.913738807,0.335925167,0.385578761,0.36588273,0.331058705,0.316901248,0.268800288,0.246091931,0.145620511,0.386010075,0.227236698,0.21153755,0.279534398,0.10102757,0.289370152,0.132760064,0,0.053608497,0.098940475,1,zf-C2H2
Bcl11a,0.843044247,1,0.980543291,0.907242763,0.934985573,0.669097366,0.578591408,0.539447087,0.358132069,0.458412807,0.431240472,0.408389928,0.371752345,0.236446882,0.340580859,0.278813254,0.384225929,0.275126454,0.281496195,0.028794318,0,0.312909445,0.31784687,1,zf-C2H2
Gm20939,0.843100771,1,0.955873047,0.870077902,0.852693735,0.480797897,0.47426705,0.523308355,0.403305938,0.406796995,0.488136585,0.522923591,0.284911862,0.398106352,0.369112543,0.515563971,0.494100228,0.304007796,0.270850253,0,0.247676911,0.301291294,0.067556742,1,zf-C2H2
Gm5141,0.823840667,1,0.987257886,0.908445611,0.935883,0.645925217,0.573363263,0.427235186,0.347732474,0.47903673,0.441755239,0.547234656,0.383561192,0.473589542,0.460634815,0.374321193,0.509793525,0.201185145,0.177758075,0,0.159648118,0.422974675,0.311335388,1,zf-C2H2
Mecom,0.852287437,1,0.985298084,0.974382232,0.985781339,0.696358857,0.597205079,0.58107089,0.562119831,0.45900178,0.573363646,0.543117971,0.284394244,0.193495719,0.389712101,0.294104357,0.357590582,0.281095722,0.4526513,0.077713326,0,0.132781142,0.25335246,1,zf-C2H2
Prdm16,0.793279243,1,0.990058046,0.922348928,0.934874788,0.688199611,0.581715716,0.64770747,0.577088182,0.479286151,0.666150834,0.568311414,0.324509188,0.243649475,0.372609717,0.296984132,0.384125163,0.292793971,0.489700235,0.075281224,0,0.20271231,0.337695074,1,zf-C2H2
Sall1,0.824716421,0.945120998,0.933151576,1,0.959927896,0.545983716,0.429280468,0.450427773,0.372920511,0.489980954,0.464048497,0.423656785,0.375963311,0.335038753,0.402971894,0.289137214,0.329896814,0.291119503,0.202700611,0.095551777,0,0.269191385,0.395094676,1,zf-C2H2
Sall3,0.869673234,0.974021757,0.985112603,1,0.979639784,0.509051233,0.455325346,0.510618998,0.368215957,0.257411212,0.28906024,0.224980037,0.075918966,0.017345472,0.209998584,0.074105164,0.159028223,0.05634295,0.310657158,0.022302144,0,0.022250656,0.10763381,1,zf-C2H2
Sall4,0.863198768,0.961352375,0.961426815,1,0.942366196,0.434201205,0.380244345,0.302065938,0.421517847,0.184445955,0.18637396,0.125421281,0.209377043,0.244077926,0.303170635,0.162217852,0.210788412,0.142110608,0.259594535,0,0.060963799,0.236829924,0.165757512,1,zf-C2H2
Sp4,0.798871586,1,0.989558647,0.889570886,0.965003213,0.601854788,0.517307845,0.433223514,0.352017278,0.380024626,0.497232853,0.507269268,0.213610722,0.22599798,0.260408413,0.286662746,0.287964349,0.183052581,0.251193935,0,0.069728657,0.254911173,0.209292707,1,zf-C2H2
Sp6,0.365419571,0.858329765,0.785490749,1,0.97917095,0.246437599,0.30314293,0.354150484,0.153015681,0.363462518,0.32156135,0.351586495,0,0.112119218,0.161771052,0.193863148,0.145174102,0.446244214,0.602442528,0.00524976,0.027576263,0.650301418,0.582985452,1,zf-C2H2
Sp8,0.466576837,0.820615292,0.791179516,0.948740833,1,0.304532358,0.230542735,0.199964598,0.125649747,0.50717436,0.394227286,0.404058966,0.169534089,0.122441423,0.334024724,0.096683346,0.122381277,0.07080498,0.104022306,0,0.026211144,0.288364563,0.463353441,1,zf-C2H2
Yy2,0.798011837,1,0.957895516,0.888827106,0.913322536,0.55359113,0.488183513,0.244902767,0.209144538,0.190342805,0.445715493,0.355268541,0.235803818,0.381333222,0.298475476,0.372217771,0.330643222,0.107572829,0.227650995,0,0.205277965,0.211312134,0.124056996,1,zf-C2H2
Zfp101,0.899924841,0.972502452,1,0.945868502,0.902694119,0.486379622,0.424108474,0.419245004,0.230622749,0.3525098,0.524953998,0.443923064,0.324158914,0.385096708,0.365543499,0.351891828,0.534399551,0.158012168,0.069650169,0,0.079508405,0.256496618,0.298511636,1,zf-C2H2
Zfp113,0.821291077,1,0.953410376,0.918091224,0.94500742,0.304634474,0.277151369,0.250638429,0.340542634,0.215241348,0.228420977,0.223454229,0.065138573,0.137185557,0.161690949,0.226151631,0.172518712,0,0.276305214,0.063678106,0.138860387,0.015532574,0.074115524,1,zf-C2H2
Zfp184,0.908636262,1,0.969196566,0.963599023,0.920596291,0.559640668,0.582191403,0.608783726,0.555135424,0.367704662,0.470473687,0.312664766,0.252552418,0.274475831,0.328780977,0.373132686,0.371518324,0.315099614,0.475504748,0.219991202,0.23987713,0,0.119489378,1,zf-C2H2
Zfp2,0.805973253,1,0.930963163,0.924611847,0.902127747,0.421128581,0.444524236,0.341548121,0.301914293,0.268976338,0.32751904,0.291478429,0.181517062,0.238978973,0.217289241,0.236804482,0.267654423,0,0.236098447,0.116186948,0.221553241,0.033660712,0.06917208,1,zf-C2H2
Zfp219,0.796259059,0.964101327,1,0.976320244,0.918701523,0.35532166,0.347067529,0.495369026,0.489503241,0.335780698,0.317817776,0.17423498,0.118397842,0.140405453,0.188419022,0.173694954,0.264256739,0.107099342,0.374582263,0.006085626,0.103007794,0,0.193663744,1,zf-C2H2
Zfp41,0.769798129,1,0.985013892,0.947320472,0.889164267,0.350536673,0.325597284,0.436477107,0.369717122,0.315648049,0.280872103,0.209606292,0.193492315,0.124209168,0.210852237,0.227365893,0.207816369,0.238194575,0.253145259,0.162998561,0.104848602,0,0.047053383,1,zf-C2H2
Zfp459,0.532454086,1,0.873067697,0.827700858,0.519425829,0.353837757,0.335486798,0.340743211,0.121508313,0.288356798,0.208223849,0.193966915,0.034236557,0.124372131,0,0.279365767,0.119362688,0.243480249,0.36928096,0.064790866,0.103222634,0.171267356,0.283936476,1,zf-C2H2
Zfp473,0.734320911,0.868161579,0.903437114,0.832624281,1,0.127615402,0.149287294,0.08040185,0.267641442,0.23186556,0.250234572,0.17347674,0.078841194,0.024694963,0.146851403,0.083912239,0.141597374,0.03973468,0.462348293,0.120663706,0.219929099,0,0.112917955,1,zf-C2H2
Zfp599,0.857599227,1,0.932947969,0.891791636,0.907430767,0.490819299,0.514413389,0.448081136,0.427862984,0.413743224,0.477776812,0.382054398,0.187575483,0.287167743,0.410937752,0.249356751,0.346808297,0.168221342,0.377558122,0.044854687,0,0.123687585,0.19171964,1,zf-C2H2
Zfp647,0.728138646,0.980690228,1,0.900755445,0.794403474,0.382936125,0.314720951,0.405496084,0.382950888,0.257502806,0.325186897,0.203402264,0.154126591,0.122226096,0.313268167,0.220735763,0.344371869,0.180863716,0.386708867,0.12088736,0.15134512,0,0.041868771,1,zf-C2H2
Zfp663,0.97338034,1,0.939345479,0.898306549,0.858555145,0.645624572,0.725053127,0.675032986,0.581841875,0.295835946,0.188213688,0.191585647,0.148805593,0.156767002,0.148186625,0.40443738,0.399384151,0.193502517,0.418597979,0.138883949,0.02064858,0,0.048772527,1,zf-C2H2
Zfp664,0.737973608,1,0.975110885,0.923012499,0.932445937,0.354368186,0.339155022,0.304500019,0.281923482,0.329179139,0.297704131,0.277618209,0.193446304,0.137391295,0.152681633,0.119616969,0.189722335,0.122304997,0.189683131,0,0.038105053,0.0050858,0.031194229,1,zf-C2H2
Zfp808,0.832759464,0.98526016,1,0.906959169,0.923179623,0.658572078,0.625363417,0.484822843,0.302165828,0.468964726,0.381455576,0.550275438,0.314639905,0.475199666,0.447400887,0.470921994,0.582888256,0.140456512,0.199369669,0,0.275353492,0.363268243,0.224676217,1,zf-C2H2
Zfp850,0.849933914,0.999214826,0.961844238,0.868507205,1,0.38370649,0.430950757,0.43977819,0.339831667,0.289842977,0.3036096,0.348024187,0.204646319,0.33888237,0.275823667,0.29491397,0.228408327,0.170650675,0.276921579,0.047072156,0.235886656,0.202560244,0,1,zf-C2H2
Zfp934,0.800323478,0.959581024,0.977290097,0.797316881,1,0.653425254,0.6537381,0.519536555,0.176992518,0.41756085,0.475181987,0.479622056,0.312263101,0.377918409,0.316730445,0.372849385,0.508245776,0.109527058,0,0.080042443,0.201166816,0.376704156,0.066050039,1,zf-C2H2
Zfp941,0.788458093,0.941385792,1,0.866696795,0.915773454,0.71132411,0.656611714,0.691430489,0.514738923,0.364125901,0.544202559,0.487164793,0.126531597,0.209610457,0.199674036,0.23792013,0.348509325,0.285521478,0.526165503,0.064818736,0.101834948,0.180256385,0,1,zf-C2H2
Zfp946,0.876689774,1,0.966712503,0.91677684,0.963570154,0.57613561,0.498247731,0.464209051,0.294625628,0.424589577,0.439940853,0.451847731,0.341215162,0.471108967,0.370350685,0.409669792,0.4606436,0.207908638,0.102653439,0,0.222303488,0.288784358,0.166158449,1,zf-C2H2
Zic2,0.887259621,0.99279658,0.98263617,1,0.982623328,0.600953022,0.487374629,0.488521555,0.501094835,0.332275494,0.359778427,0.342651052,0.233927215,0.226660262,0.314710976,0.126753913,0.18807164,0.082138863,0.28672952,0.019021091,0,0.133080324,0.258062537,1,zf-C2H2
Zic3,0.724790012,0.916955185,0.925330685,0.910935398,1,0.40463947,0.328410738,0.268928296,0.232253519,0.265194157,0.160617891,0.265531828,0.308027514,0.302028497,0.229082123,0.247253025,0.289454345,0.259298815,0,0.094491085,0.11641576,0.262437217,0.174226532,1,zf-C2H2
Zic5,0.885308748,0.95731159,0.970710977,1,0.938012487,0.541471532,0.539016755,0.488097593,0.549455661,0.383218144,0.422415571,0.34198411,0.338741789,0.340009952,0.322529721,0.181556207,0.250766145,0.203392438,0.349031309,0.217694007,0,0.242484443,0.39135254,1,zf-C2H2
Zik1,0.867478164,1,0.959372296,0.941151688,0.965273195,0.532575471,0.484934191,0.474964496,0.40262317,0.304300315,0.390324417,0.346258407,0.177575399,0.225657309,0.225280057,0.180468944,0.227094432,0.167466137,0.322811598,0.044654247,0.164480816,0,0.058477369,1,zf-C2H2
Foxc1,0.741202992,0.949175787,0.939981208,0.932889548,1,0.679399897,0.607057636,0.588150912,0.527625991,0.555596304,0.823234917,0.722890499,0.332609333,0.344782917,0.347025667,0.306025815,0.441572315,0.349711297,0.506901636,0.107184191,0,0.521062365,0.61859358,1,Fork_head
Foxd1,0.43314056,0.86417027,0.81735141,0.793324115,0.50398167,0.178047474,0.626534533,0.231441658,0.291491262,0.349350724,0.326545551,0.188157702,0.237351465,0.215903548,0,0.178886723,0.278721009,0.194349893,0.307016378,0.064318699,0.128172025,1,0.957186003,1,Fork_head
Dach1,0.788974782,0.944256571,0.942194975,0.924484478,1,0.749650095,0.673570983,0.592147466,0.584906445,0.541554478,0.603308367,0.621165223,0.348750507,0.327718313,0.518880632,0.324061784,0.404021791,0.363489999,0.356924044,0.045290708,0,0.132743467,0.211801296,1,DACH
Dach2,0.609795778,0.94330505,0.921117103,0.897335259,1,0.624535991,0.590108351,0.561731432,0.482466578,0.597335675,0.739403536,0.783775366,0.264173489,0.298113267,0.426392896,0.213489416,0.359224332,0.311194815,0.197721461,0,0.101690878,0.144731966,0.31559578,1,DACH
Dmrta1,1,0.853181842,0.951628572,0.920631285,0.994886005,0.946036985,0.732911743,0.864974925,0.570117741,0.599422387,0.558789331,0.607632011,0.474047318,0.361374128,0.342080887,0.131605282,0.204988822,0.468243044,0.512636132,0.087905622,0,0.371526316,0.321020919,1,DM
Dmrta2,0.848304122,1,0.954264034,0.903365501,0.857103311,0.249742899,0.202576275,0.283352591,0.138423164,0.098637623,0.152079997,0.078875371,0.115899009,0.02298725,0.177851741,0.142584765,0.390168571,0.202232384,0.108001943,0.057577791,0.043382883,0,0.036289498,1,DM
Elf3,0.765337521,0.93109232,0.937538788,1,0.880955634,0.555042922,0.440197624,0.599661504,0.487226929,0.520720728,0.569927822,0.451524393,0.188257062,0.307446476,0.426930445,0.28904918,0.321456094,0.601429109,0.622463663,0.231103861,0,0.945260521,0.746883863,1,ETS
Etv4,0.754344073,0.947393061,0.949311063,1,0.917797277,0.314544656,0.283081662,0.363543998,0.412096659,0.415815952,0.325407366,0.311669091,0.331416316,0.279814513,0.34908738,0.306151779,0.407649883,0.289686292,0.154853124,0,0.027324671,0.192236381,0.281622569,1,ETS
Cux2,0.925961378,1,0.994032574,0.868680692,0.842746963,0.598417864,0.624106579,0.693554611,0.650301298,0.602516924,0.604668919,0.533207727,0.481409168,0.374469086,0.498258986,0.473206647,0.636564479,0.326070122,0.225042082,0,0.000531683,0.33055857,0.25154041,1,CUT
Onecut2,0.64871499,0.747338237,0.83505693,0.647629636,0.792944788,0.878469462,0.877877405,1,0.807600673,0.617312389,0.430756916,0.514614655,0.599071801,0.505848758,0.754986843,0.420023114,0.403060335,0.474772688,0.514638187,0.426906016,0.343540467,0.277288786,0,1,CUT
Aff2,0.743810293,1,0.972063258,0.853342534,0.91116451,0.439686989,0.365258028,0.494434774,0.256339412,0.39827738,0.336074405,0.356300032,0.192138604,0.101332136,0.158590317,0.226783729,0.197078174,0.254595968,0.209426985,0.24592965,0.094307189,0,0.172542072,1,AF-4
Aff3,0.83098437,0.992075063,1,0.893909059,0.938839538,0.61013534,0.554829098,0.618045668,0.394749231,0.437907149,0.467675962,0.361630635,0.173995132,0.082748888,0.134660668,0.203801869,0.332930481,0.199007351,0.379242696,0.152105497,0.0869612,0,0.071191629,1,AF-4
Lin28b,0.889827973,0.972391233,0.966534764,1,0.937039301,0.432408633,0.441120085,0.36762103,0.392620889,0.071410638,0.119872779,0.128161717,0,0.150585229,0.201774335,0.063703771,0.035917526,0.020485399,0.507251983,0.127396443,0.311630429,0.121780799,0.091368427,1,CSD
Ybx2,0.883556451,1,0.990600411,0.903669106,0.909057502,0.518038179,0.487648933,0.54820711,0.520673172,0.485404298,0.456040113,0.373453065,0.347490358,0.270259433,0.329112268,0.477464588,0.655450656,0.292449231,0.384894862,0.247851955,0.319418338,0,0.269138194,1,CSD
Mybl1,0.797282961,0.991609263,0.990327188,1,0.957397318,0.389853409,0.23612753,0.262830667,0.150727101,0.259713903,0.470265842,0.396297453,0.247604913,0.336548028,0.263177015,0.283974397,0.307141437,0.150429633,0.025253913,0,0.200899717,0.225363603,0.223691047,1,MYB
Rcor2,0.779009785,0.988791464,0.984620431,1,0.897530041,0.349518832,0.290979313,0.437977834,0.398701381,0.206115498,0.325147309,0.224750029,0.146980185,0.196699819,0.188837929,0.202523843,0.310120846,0.118805894,0.254202047,0,0.075039967,0.05670776,0.151857,1,MYB
Nr2f1,0.900202605,0.961617515,1,0.766769199,0.813888035,0.715404381,0.756812195,0.775588793,0.674227213,0.347470998,0.250799955,0.205991254,0.178022404,0.172123177,0.176254152,0.424656107,0.423704519,0.30975917,0.483279001,0.246168122,0.340024327,0.018126682,0,1,RXR-like
Nr2f2,0.883219952,0.984968829,1,0.887648337,0.8111632,0.721955919,0.662193304,0.62171622,0.481289193,0.538655633,0.574481462,0.475507212,0.251785491,0.153202966,0.306030714,0.366801388,0.467219515,0.3585988,0.498887747,0.270677191,0.229792428,0.065987486,0,1,RXR-like
Tfap2c,0.718085616,0.87548631,0.869470741,1,0.920694096,0.249404294,0.273944081,0.168518938,0.321532479,0.638028478,0.451983206,0.408426679,0.229080459,0.356771622,0.47408782,0.129935878,0.339141872,0.151684723,0.267098707,0.025430853,0,0.591506368,0.715389183,1,AP-2
Arid3b,0.768443263,0.947951709,0.936261918,1,0.962554233,0.302056135,0.284592075,0.254111123,0.35218452,0.05035486,0.108796366,0.173069712,0.077252984,0.066573724,0.195695896,0,0.071104301,0.080528035,0.427752414,0.123359941,0.212647583,0.218301302,0.16850474,1,ARID
Csrnp3,0.817848277,0.980768603,1,0.798443051,0.831632311,0.631872971,0.50240685,0.574865779,0.27761339,0.455811822,0.497915813,0.480163646,0.189126732,0.136440182,0.18138673,0.228026152,0.379494648,0.23428564,0.272004302,0.019314584,0,0.251615044,0.335770078,1,CSRNP_N
Hsf2,0.815511266,1,0.945002778,0.876201787,0.898925902,0.498458991,0.528977959,0.460373565,0.354193207,0.330983684,0.407322776,0.376248254,0.228070198,0.258749783,0.246215337,0.302999622,0.262959436,0.1744372,0.310849048,0.098746446,0.211311286,0,0.077497652,1,HSF
Myrf,0.816136408,0.948815614,0.908866658,1,0.940698143,0.362198364,0.734076481,0.522152088,0.446954043,0.268969678,0.312969275,0.299808678,0.24814337,0.318715964,0.240831109,0.487127146,0.482939193,0.344235431,0.531126795,0.470989731,0.536538256,0,0.042965901,1,NDT80/PhoG
Pax9,0.838811727,0.934962259,0.964267586,0.922986281,1,0.639468747,0.540988018,0.565899778,0.162517953,0.312574988,0.329031773,0.279658724,0.28199215,0.163274445,0.2904195,0.198377594,0.463768204,0.336559892,0.337547447,0.103021626,0,0.310749057,0.408839356,1,PAX
Pou2f1,0.620436897,1,0.942499225,0.77854692,0.772524617,0.339298426,0.171182217,0.269990916,0.11839539,0.169624315,0.190597754,0.23350123,0.061085631,0.067344894,0.028838368,0.190747873,0.035973383,0,0.029086603,0.014239641,0.079764603,0.109017358,0.100960163,1,Pou
Rfx4,0.679307265,0.796420215,0.908759677,0.79087859,1,0.605486667,0.638541719,0.648056123,0.431771245,0.536902253,0.326944422,0.413170796,0.408971973,0.469294885,0.32089678,0.469244941,0.494901753,0.469975573,0.651998378,0.509027515,0.454975232,0,0.105462682,1,RFX
Plscr1,0.887565811,0.999000825,1,0.956813855,0.740016369,0.339586509,0.456648632,0.456993447,0.399432074,0.093621599,0.218544073,0.158178839,0.124138159,0.118659525,0.2015776,0.148918177,0.179859759,0.247264217,0.331524103,0,0.133411484,0.181891233,0.11719648,1,Others
Rag1,0.801494148,0.938340178,1,0.952982447,0.904485876,0.536713247,0.617591578,0.569337412,0.574597972,0.353220041,0.333061881,0.397009142,0.220972885,0.335866232,0.17834833,0.244127937,0.28629894,0,0.70657196,0.136928821,0.183610395,0.221722987,0.182487777,1,Others
Sox10,0.200173192,0,0.009452582,0.079859754,0.130020539,0.076355183,0.253959854,0.215819119,1,0.837435662,0.586533662,0.611511935,0.847867843,0.95089277,0.738965054,0.825461329,0.459124611,0.729102096,0.576833593,0.701535718,0.843662856,0.529177429,0.53945486,2,HMG
Sox2,0.40574991,0.077509021,0,0.226980728,0.269245918,0.248412493,0.466331349,0.155446473,0.731194729,0.769729564,0.65261951,0.498078537,0.69224444,0.887271713,0.699320963,0.767150045,0.534849192,0.540035172,0.5262712,0.611857727,0.663891536,1,0.964713825,2,HMG
Tox2,0,0.18531382,0.06119356,0.167781389,0.04808223,0.210414068,0.310544154,0.552312067,0.561572595,0.663225447,0.398855393,0.581410791,0.667969916,0.692893274,0.490419228,0.825080424,0.980101288,0.811351902,0.78147321,0.925458832,1,0.265060025,0.405148105,2,HMG
Barx1,0.242877491,0.399366367,0.389082108,0,0.208300385,0.583413046,0.672648127,0.591719568,0.828003057,0.605492384,0.934396811,0.612806712,0.324534114,0.21767242,0.147889313,0.462993543,1,0.683122467,0.782726572,0.448491581,0.463433812,0.540901013,0.882062709,2,Homeobox
Dbx1,0.394482075,0.201739981,0.22544231,0,0.021412541,0.680899787,0.814419425,0.824537274,0.954047743,0.796919325,0.773647212,0.776739742,0.705972952,0.887578765,0.816624065,0.942973891,0.697852702,0.655387998,0.837818876,0.985812469,1,0.452466948,0.766461615,2,Homeobox
Dbx2,0.176412551,0.133227516,0.147094195,0.059622273,0,0.392109417,0.399577916,0.368704827,0.596061742,0.869991645,1,0.937042489,0.845812207,0.739963283,0.941697417,0.773082068,0.836112137,0.780073675,0.610208136,0.629484287,0.398547072,0.656135779,0.792411341,2,Homeobox
Hoxb9,0.373817352,0.078210877,0,0.106543313,0.097289505,0.265823613,0.403536649,0.35719874,1,0.841225971,0.476911416,0.508653839,0.889734459,0.921610859,0.75494223,0.769082013,0.660413992,0.700480992,0.554291537,0.53776684,0.751225348,0.385390446,0.434412485,2,Homeobox
Hoxc8,0.133028472,0.135804942,0.082210043,0.218202802,0.188972618,0.525463931,0.878830124,0.638727377,0.416890392,0.620952366,0,0.203002209,0.511248048,0.369915759,0.245306501,0.879426045,1,0.686419462,0.221900258,0.855878266,0.96231227,0.608056926,0.250109185,2,Homeobox
Hoxd1,0.164755794,0.246151186,0.199273445,0,0.208316785,0.426480688,0.650106172,0.685832189,0.539896205,0.61694856,0.398691314,0.520019438,0.813898698,0.79462737,0.700283288,0.868527817,0.97574718,0.836172787,0.710213959,0.901059419,1,0.596702738,0.570522879,2,Homeobox
Irx1,0.327766311,0.208353985,0.207908492,0.026322545,0,0.703448778,0.702017272,0.757918284,0.767833602,0.795310233,0.760190815,0.718532249,1,0.913086689,0.831701967,0.910989659,0.983867961,0.924565405,0.809863946,0.858880333,0.867694017,0.937684682,0.890062822,2,Homeobox
Irx2,0,0.322180825,0.212817811,0.19393894,0.272702795,0.322324248,0.414425916,0.47013385,0.44160912,0.85913641,0.645277317,0.639734703,0.974334633,0.876433729,0.766537247,0.856538883,1,0.822028396,0.514245793,0.719883445,0.776661848,0.932006243,0.921983085,2,Homeobox
Irx5,0.136860023,0.510485893,0.536108365,0,0.316478608,0.231115323,0.330564759,0.486539315,0.230238268,0.628228219,0.362550364,0.269356098,0.904769055,0.70170978,0.593957411,0.72265586,1,0.76045897,0.095775169,0.561835924,0.476022772,0.64833056,0.643578716,2,Homeobox
Meis3,0.156156972,0.136939428,0.191841551,0.013678163,0,0.07387422,0.353088466,0.325046385,0.321425637,0.515318846,0.035457443,0.048218716,0.773814162,0.66794793,0.370025211,0.758974055,0.982633484,0.601216031,0.43293622,0.742561004,1,0.42250338,0.5835218,2,Homeobox
Pitx1,0.753425411,0.130873776,0.160031787,0.098731555,0,0.526507427,0.832877136,1,0.881048995,0.451581494,0.438469497,0.459956964,0.353495095,0.537307681,0.545598368,0.732515387,0.715618234,0.47257215,0.782226186,0.585291096,0.809500062,0.042662429,0.254746334,2,Homeobox
Ahr,0,0.150298541,0.131696257,0.184802085,0.222484797,0.148857466,0.273686728,0.154183744,0.541454965,0.818002879,0.630199816,0.683844451,0.836683459,0.895559713,0.840062309,0.83116348,0.77675551,0.808857579,0.578282843,0.796877497,0.937369371,1,0.981890344,2,bHLH
Arntl2,0.21131597,0.526578167,0.362008422,0.488425134,0.671014726,0.644131724,0.510933718,0.452097897,0.641684448,0.973580409,0.888053793,0.99311697,0.783672817,0.993177708,0.576113483,0.515716379,0.690742988,0.433847346,0.601246252,0.491974409,0,1,0.925339893,2,bHLH
Bhlhe22,0,0.054159139,0.11907977,0.06222338,0.15616493,0.000192968,0.305977514,0.216454236,0.059348566,0.647743377,0.510024115,0.542573685,1,0.94544641,0.730841795,0.772550147,0.798342185,0.756119431,0.319135947,0.726412506,0.675983857,0.846111825,0.642557259,2,bHLH
Bhlhe40,0,0.351582899,0.163918625,0.442891889,0.313214879,0.014700692,0.205272584,0.802793862,0.151331837,0.630007959,0.552541893,0.507614565,0.67534896,0.606801436,0.664717805,0.44630711,0.593553544,0.622246301,0.441082381,0.406695878,0.417773374,0.925908801,1,2,bHLH
Hey2,0.330259388,0.2029821,0.337389735,0.348515985,0,0.677946149,0.700536484,0.521031944,0.504843611,0.819946723,0.571877982,0.589598021,0.981035073,0.976147069,0.885182142,0.924942242,1,0.881711604,0.27834564,0.579782804,0.783068416,0.855497329,0.809741866,2,bHLH
Heyl,0.321404748,0.139361654,0.050574961,0.115333714,0,0.219245443,0.42253477,0.347655579,0.831407093,0.757915069,0.55923121,0.629776911,0.795664081,0.990515938,0.71085661,1,0.760029453,0.806689603,0.637867873,0.888427906,0.921335723,0.628740673,0.634341673,2,bHLH
Hif3a,0.347051908,0.483424259,0.447281137,0.267959683,0.461955831,0,0.016914571,0.279983979,0.122654223,0.509985307,0.272764409,0.317198379,0.801971152,0.499849546,0.268038171,0.860497079,0.849930774,0.829428828,0.094736827,0.65489306,0.808725829,1,0.946955267,2,bHLH
Msc,0.871048029,0.536305924,0.493786977,0,0.047331093,0.602225911,0.799854973,0.775024592,0.869626479,0.663529496,0.65600081,0.630199663,0.472280715,0.843027433,0.619511413,0.941643735,0.504382374,0.525487249,0.975102,0.950790933,1,0.174410597,0.524849188,2,bHLH
Myc,0.615688156,0.202515217,0.292168482,0.004161626,0.243268609,0,0.200739558,0.269374468,0.699734916,0.611317843,0.625067601,0.533175399,0.74129491,0.68852053,0.735752425,0.735836868,0.81942087,0.663150529,0.936431662,0.754451239,1,0.826959131,0.74561978,2,bHLH
Myog,0.625867946,0.43426906,0.438593814,0.153950692,0.136840366,0.51906215,0.655406753,0.51683257,0.442835996,0,0.359511842,0.597417661,0.610371193,0.848741211,0.479915068,0.944693953,0.48365735,0.77441428,0.716588572,0.920799001,1,0.316876093,0.463059133,2,bHLH
Ncoa1,0.469732343,0.471096887,0.376879936,0,0.160716654,0.351472225,0.44569187,0.448938258,0.170404557,0.578322337,0.278575694,0.438781191,0.991442568,0.801506492,0.44581592,1,0.891603905,0.700978607,0.2970921,0.791580411,0.84935801,0.809825708,0.701657677,2,bHLH
Npas2,0,0.043197799,0.075147995,0.092723606,0.063952738,0.167524909,0.53283048,0.302077238,0.29997599,0.728168205,0.663338821,0.581219766,0.946289369,0.859611266,0.684319056,0.936002235,0.975083518,0.884706947,0.35420153,0.798998606,0.757220685,0.969801817,1,2,bHLH
Npas3,0.158188618,0.208220564,0.226723792,0.010634406,0.101636027,0.318518394,0.3470847,0.329126594,0.053420849,0.352042916,0.198629563,0.228365969,0.513217428,0.522662206,0.386244472,0.749431309,0.814004405,0.588298225,0.116867227,0.753535504,1,0,0.113219143,2,bHLH
Tcf24,0.195502318,0,0.070634294,0.045266133,0.053450048,0.437604517,0.426026592,0.506205518,0.460830294,0.491158059,0.54997658,0.635344622,0.57317274,0.678474304,0.848615275,0.693515154,0.577349649,0.547078243,0.778448769,0.865310204,1,0.513318887,0.464795655,2,bHLH
Twist2,0.055680246,0.235501641,0.244026488,0.065546643,0,0.138491181,0.270569876,0.334555334,0.109704474,0.506442641,0.271880132,0.190866549,1,0.805590883,0.641883633,0.751385922,0.911460211,0.830508994,0.174774861,0.711237094,0.746192274,0.906585562,0.790366808,2,bHLH
Creb3l1,0.110595058,0.097258701,0.124110774,0,0.020909781,0.436368572,0.546922607,0.513132916,0.445674213,0.739065949,0.610698066,0.625165272,0.897565433,0.858197772,0.762731397,0.90741827,1,0.891724334,0.623531649,0.921130234,0.981749343,0.893173727,0.887765969,2,TF_bZIP
Fos,0,0.330697072,0.400934979,0.278497027,0.274206802,0.924445562,0.951663028,0.924945267,0.518456512,0.4373767,0.741649122,0.631839256,0.882198081,0.525943331,0.648520622,0.486395892,0.300035171,0.439296571,1,0.541001074,0.635810813,0.911549566,0.719482615,2,TF_bZIP
Hlf,0.082697497,0.171697943,0,0.082041828,0.157035308,0.3707045,0.471540935,0.352672733,0.43859816,0.710564196,0.455630474,0.613420511,1,0.89527186,0.746227565,0.793518456,0.853880133,0.789080225,0.508813081,0.700661695,0.786082614,0.993717693,0.886286548,2,TF_bZIP
Jdp2,0,0.396111319,0.408241269,0.274039391,0.678088649,0.10058308,0.117858231,0.100039547,0.323990189,0.574115381,1,0.817760047,0.655544707,0.636477752,0.642610519,0.535183761,0.740428329,0.594146704,0.530592943,0.613944293,0.668742267,0.818545046,0.977539675,2,TF_bZIP
Junb,0,0.200588101,0.30343638,0.253007284,0.16106066,0.770529228,0.91795296,0.713447652,0.612223778,0.328200154,0.800632679,0.617592415,0.871419959,0.588047917,0.625297394,0.544054216,0.436899417,0.655053999,0.862425505,0.555881066,0.57549873,1,0.800795994,2,TF_bZIP
Nfe2l3,0.145143109,0.135914504,0.068643509,0.210461774,0,0.563481302,0.496131054,0.622941819,0.452518698,0.650987057,0.482277125,0.424154719,0.890799698,0.84585428,0.814143964,0.743431959,1,0.804674444,0.557976311,0.415740896,0.340677203,0.717468278,0.485478067,2,TF_bZIP
Bcl6,0,0.188985024,0.278726805,0.085950965,0.133440395,0.209648812,0.256259207,0.168218174,0.308870565,0.730519851,0.594936522,0.563019468,0.819045,0.816648434,0.659890176,0.77844107,0.894516396,0.778202913,0.455149691,0.806102439,1,0.888817828,0.926745749,2,ZBTB
Hic1,0.327826929,0.237071614,0.302308917,0,0.062982336,0.599788454,0.742919578,0.77484254,0.512692919,0.683724467,0.440866587,0.327822946,0.592142709,0.474976059,0.384824309,0.813926591,1,0.772342475,0.595618289,0.803165105,0.801232309,0.242057884,0.290111821,2,ZBTB
Zbtb4,0.129310019,0.302348453,0.30744443,0.127074474,0.194542308,0,0.144763278,0.198211031,0.101954579,0.638155249,0.414199417,0.386989678,0.862141655,0.763346179,0.623673766,0.739012183,0.924103863,0.718584763,0.351479347,0.609674864,0.891222179,1,0.984178376,2,ZBTB
Zbtb7c,0,0.274072295,0.267521325,0.36751249,0.342259961,0.427528124,0.796193306,0.637866652,0.433047405,0.73537034,0.944234122,0.807591961,0.650422738,0.845602874,0.747262004,0.691485409,0.859088646,0.792733121,0.523365389,0.535241436,0.71040527,1,0.911617402,2,ZBTB
Egr1,0,0.333699774,0.383742883,0.230144251,0.212615556,0.97141141,1,0.896090643,0.491344289,0.519675877,0.598338647,0.599782564,0.769459495,0.5742971,0.545241961,0.53107384,0.357895897,0.499134042,0.767869956,0.496863991,0.398630983,0.590782892,0.39579904,2,zf-C2H2
Egr2,0.136092952,0.186019953,0.162283415,0.081547411,0,0.69370756,0.959480338,0.75464771,0.502847519,0.424469582,0.561672122,0.500320156,0.951841526,0.892298648,0.693881252,0.783303835,0.511471177,0.611106031,1,0.956750564,0.858594641,0.649035107,0.533825699,2,zf-C2H2
Egr3,0.102017195,0.041362453,0.092653528,0.20514422,0,0.71748547,1,0.828331451,0.558892316,0.685238425,0.409286801,0.650966463,0.954087317,0.92701824,0.66800514,0.868514451,0.715748051,0.711981435,0.905539422,0.918813084,0.725904902,0.739349974,0.645032433,2,zf-C2H2
Hivep2,0.166977122,0.178284503,0.185025704,0,0.016051683,0.203781069,0.310211136,0.381959992,0.319671131,0.716316994,0.480833188,0.559063294,0.76184488,0.661522194,0.472425251,1,0.890394569,0.780784939,0.575510306,0.915035922,0.977594434,0.734396265,0.790708424,2,zf-C2H2
Hivep3,0.0930647,0.050636194,0,0.176583467,0.258373333,0.122879065,0.208077437,0.289786414,0.510939222,0.495979863,0.502522887,0.576527185,0.735225855,0.717105155,0.570214104,0.766636163,0.719968453,0.540457121,0.740193614,0.930953401,1,0.796015054,0.703062656,2,zf-C2H2
Jazf1,0.071218516,0.217543604,0.142384151,0,0.101763294,0.41681751,0.471816048,0.388442649,0.27129623,0.824922027,0.54462305,0.655091545,0.942650319,0.790633976,0.687040988,0.82426199,1,0.791612474,0.425218077,0.788568915,0.822411833,0.650207405,0.610868342,2,zf-C2H2
Klf14,0,0.150028199,0.189742716,0.140184285,0.273295993,0.280480051,0.324191043,0.359549763,0.425787469,0.730920689,0.593529242,0.578088461,0.691748661,0.629723246,0.526014015,0.797329787,0.919368843,0.820003001,0.549412466,0.826836793,1,0.594760019,0.616928228,2,zf-C2H2
Klf4,0.033719683,0.153780488,0.202692383,0.005047404,0,0.282803902,0.676095139,0.570364119,0.04071172,0.419492804,0.469412006,0.357852493,0.664773846,0.444103049,0.325325627,0.643266423,1,0.697603776,0.523328708,0.636585858,0.990895865,0.959135133,0.984651016,2,zf-C2H2
Klf6,0.101926681,0,0.06808198,0.038524811,0.003391952,0.625200849,0.827234894,0.616794703,0.489176621,0.512425665,0.41880192,0.521496289,0.876481421,0.769983459,0.699920718,0.772156077,0.751709397,0.722327347,1,0.856613361,0.976857902,0.936169752,0.677023414,2,zf-C2H2
Osr1,0.456436698,0.238790699,0.343948068,0,0.115018687,0.565417605,0.648570103,0.744962718,0.451168818,0.522343767,0.256200731,0.266801841,0.645540282,0.526697893,0.446584113,0.742337978,0.984642357,0.814978064,0.813914335,0.987659304,1,0.351268113,0.239563607,2,zf-C2H2
Plagl1,0.014754781,0.151649391,0.124481082,0,0.19937838,0.254328777,0.38480671,0.177831299,0.029425035,0.64282881,0.631975289,0.615103473,0.506282721,0.732691763,0.298661895,0.913127919,1,0.598919771,0.094411152,0.733222544,0.919062651,0.386557199,0.251972948,2,zf-C2H2
Prdm8,0.220434645,0,0.319698603,0.118959636,0.14761779,0.211608462,0.307234442,0.151335779,0.314983921,0.45807063,0.142927503,0.305851337,0.940271718,0.93612666,0.63979403,0.703470967,0.725746669,0.464699535,0.374375352,1,0.970978927,0.51174685,0.673493745,2,zf-C2H2
Rreb1,0.114569887,0.438368539,0.313064772,0.179043028,0.160564122,0,0.092059925,0.237890952,0.226257345,0.467072397,0.239399704,0.407331111,0.768333183,0.769101827,0.452160904,0.934470993,0.641955627,0.576928716,0.684874479,0.919047018,1,0.740429405,0.710107859,2,zf-C2H2
Sp5,0.203044068,0.120079399,0,0.160286521,0.092590293,0.087277145,0.169901722,0.127738091,0.140906753,0.756616912,0.493037668,0.485164291,1,0.929680768,0.81602717,0.903898723,0.958071834,0.889460234,0.310653128,0.711447414,0.741771703,0.855865782,0.854796864,2,zf-C2H2
Zeb2,0.262357336,0.108013859,0.096205086,0,0.038787238,0.248833766,0.353029811,0.233967653,0.388453431,0.600144883,0.424448078,0.541707019,0.889003115,0.844482772,0.703120845,0.876382461,0.763526935,0.759313474,0.550682762,0.800501947,0.904102353,1,0.852879689,2,zf-C2H2
Zfp536,0.442143789,0.281210167,0.387660264,0.228701299,0,0.363481351,0.421216434,0.55942185,0.751991074,0.772956468,0.68278483,0.734492937,0.982364486,0.833771279,0.788855752,0.972345335,0.864176445,0.687712772,0.468016036,0.682220759,0.767739503,1,0.975955724,2,zf-C2H2
Zfp641,0.415086093,0.374056945,0.428020133,0.066183137,0,0.640922696,0.775124038,0.578905316,0.369197414,0.585646934,0.440753099,0.532086902,0.842864286,0.601337946,0.591551433,0.967853446,0.96802998,0.685520055,0.540449285,1,0.917337475,0.735208488,0.775853055,2,zf-C2H2
Zfp831,0.096430204,0.034308953,0,0.038444011,0.070159568,0.66167634,0.521979317,0.77972476,0.430223494,0.791240269,0.550690959,0.499112136,0.870795388,0.632386491,0.833842805,0.902809221,1,0.832972135,0.795558655,0.756620315,0.128888936,0.341728062,0.419722497,2,zf-C2H2
Zfpm2,0.154116148,0.033807722,0.149766999,0.177186167,0,0.239821727,0.559662105,0.448602064,0.215153442,0.724356518,0.747206207,0.672745378,0.807632798,0.808908363,0.568632276,0.929835025,1,0.893868049,0.363793926,0.897067375,0.899066756,0.577332109,0.637664344,2,zf-C2H2
Zim1,0.385920135,0.483719598,0.450289775,0,0.163162124,0.269654517,0.517809316,0.629077125,0.170006339,0.605542008,0.492088792,0.582084393,0.817498047,0.849078005,0.337846297,1,0.759536142,0.589810092,0.375865703,0.910445795,0.975100185,0.907775789,0.638004024,2,zf-C2H2
Ppara,0.142921701,0.429269064,0.479043471,0.241860016,0.273092051,0,0.204390628,0.251404377,0.011310298,0.708056961,0.157623036,0.548314619,1,0.847296759,0.681663765,0.966111566,0.984095259,0.859753907,0.38235774,0.651346368,0.97823485,0.868456492,0.614738806,2,THR-like
Rarb,0.462542641,0.393416417,0.411210245,0,0.059089205,0.70818216,0.86346147,0.865765715,0.506884036,0.778525749,0.749412875,0.62356655,0.680220845,0.583746965,0.655750313,0.762533676,1,0.707090472,0.731733089,0.703119991,0.691219891,0.321529965,0.355733852,2,THR-like
Thra,0.057316788,0.247737149,0.357438697,0.054890322,0.252983352,0.071843638,0.196300405,0.194938316,0,0.560393199,0.418290789,0.28057782,0.785682994,0.610289348,0.404596814,0.754581079,0.946775205,0.77887747,0.27196606,0.838932544,1,0.482139888,0.573457448,2,THR-like
Thrb,0,0.156314568,0.189979857,0.231090521,0.047381547,0.242944536,0.415587746,0.348510232,0.202400993,0.692602567,0.659097195,0.581283343,0.83818134,0.498748892,0.642257406,0.756986479,0.824899589,0.90581225,0.559280529,0.86964427,0.91418721,0.708158252,1,2,THR-like
Vdr,0,0.264431185,0.071730204,0.183482331,0.470675791,0.224605505,0.13329043,0.195139389,0.386593355,0.544334714,0.79284515,0.783739669,0.736712623,0.880318822,0.805169107,0.515051213,0.678582046,0.617843238,0.388425212,0.671321986,0.662074008,1,0.917686359,2,THR-like
Nfia,0.140755217,0.349199914,0.319405784,0.038349622,0.214916757,0.409368027,0.450934445,0.320137442,0,0.7029658,0.495167314,0.613112307,0.63711142,0.520355139,0.457517851,0.733725888,1,0.68445194,0.034186101,0.569068593,0.666942689,0.573837172,0.552237109,2,CTF/NFI
Nfib,0.187169941,0.310017045,0.291268904,0,0.137477449,0.486490179,0.573074104,0.477374749,0.291923202,0.777049825,0.62190187,0.645661637,0.763344941,0.7183049,0.606284165,0.890612471,1,0.763049855,0.393999078,0.786145993,0.881003024,0.709130879,0.714339861,2,CTF/NFI
Nfic,0,0.257006655,0.236895705,0.102031347,0.163383898,0.148454344,0.354502641,0.278743435,0.265966933,0.646161442,0.585143784,0.490432224,0.811785177,0.631150591,0.466966666,0.804848909,1,0.84540814,0.309340094,0.779687101,0.918057706,0.860097226,0.9573302,2,CTF/NFI
Nfix,0.01117397,0.120944324,0.153496347,0,0.084342137,0.400102054,0.477041487,0.436713905,0.431075262,0.827210629,0.76442949,0.728079412,0.913836428,0.811934379,0.71573124,0.927789234,1,0.953847629,0.488527281,0.905789704,0.943161927,0.910267195,0.995276624,2,CTF/NFI
Foxd3,0.526321329,0.048301196,0.006454084,0.14642525,0,0.399819863,0.488447556,0.433603985,0.971390064,0.875173518,0.691560837,0.673671511,0.89593923,1,0.85225569,0.888227565,0.605330874,0.720565831,0.659529576,0.820447499,0.830455889,0.645767098,0.511472358,2,Fork_head
Foxf2,0,0.122973515,0.149132463,0.124220699,0.054428154,0.167593452,0.194862809,0.132231627,0.035649863,0.80450461,0.801491745,0.718218465,0.800450804,0.617013591,0.739261219,0.669351624,0.800051623,0.787995567,0.142400006,0.480878316,0.461639766,0.908979253,1,2,Fork_head
Foxo6,0.17654424,0.33028082,0.302228844,0.314996678,0.273189627,0.319951021,0.41160959,0.48322385,0,0.499120836,0.476287818,0.275803932,0.678223734,0.552508095,0.587998797,0.637648299,0.636697731,0.574078893,0.169655276,0.51121095,0.402855,0.945145661,1,2,Fork_head
Foxq1,0,0.142895481,0.075883935,0.122362937,0.115107553,0.18070472,0.130268048,0.272271926,0.153300103,0.760851075,0.692606211,0.644984196,0.65342103,0.565722753,0.713278781,0.573369949,0.749301253,0.733438881,0.165150897,0.400161915,0.379789232,0.947436962,1,2,Fork_head
Ar,0,0.112538233,0.196896816,0.027727353,0.072788554,0.208187823,0.255251959,0.289019132,0.212819999,0.816815757,0.598895394,0.624368272,1,0.928404857,0.786329462,0.937056055,0.995395327,0.899584901,0.365215662,0.936192611,0.840742311,0.986891293,0.894043157,2,ESR-like
Nr3c1,0,0.184412723,0.087173207,0.037229706,0.119466686,0.23709799,0.315348949,0.231492921,0.210801142,0.652612768,0.470041212,0.578797609,0.827505585,0.775996049,0.704437606,0.7637298,0.779469647,0.713406142,0.489505878,0.679034646,0.776663603,1,0.93109631,2,ESR-like
Nr3c2,0.15950386,0.100505089,0.190065857,0,0.011674237,0.49063513,0.48544771,0.51264224,0.263545823,0.782153028,0.609101788,0.671932003,0.887802969,0.729452657,0.621371352,0.903371852,1,0.877411383,0.312941743,0.913407564,0.967374433,0.65434037,0.782784806,2,ESR-like
Pou3f1,0,0.345854549,0.347514062,0.323514548,0.372955681,0.165800501,0.201935965,0.097831449,0.694150207,1,0.669923218,0.671249478,0.818409665,0.952320224,0.711372863,0.847479029,0.60758219,0.780957685,0.447982196,0.709987278,0.901617795,0.526370871,0.604916632,2,Pou
Pou3f3,0.127128823,0.238838868,0.309660458,0,0.291562268,0.702623351,0.797204072,0.715861009,0.632562216,0.699968133,0.917634175,0.776432885,0.875436357,1,0.797776127,0.604904567,0.706983055,0.628076031,0.81638511,0.615170073,0.55206141,0.677189909,0.649102496,2,Pou
Dmrt2,0.451185276,0.373408281,0.415733419,0,0.064519007,0.280633406,0.371383789,0.365189112,0.234402842,0.497788121,0.243838518,0.272945451,0.567825613,0.57044351,0.415307493,0.814316199,0.867700697,0.762201261,0.434063383,0.907743663,1,0.25393311,0.288662877,2,DM
Elf4,0,0.19595586,0.140454816,0.2274995,0.301904585,0.040426579,0.104136088,0.118551278,0.446010445,0.514371848,0.478999076,0.523323068,0.711883381,0.642199018,0.62211978,0.703770809,0.784574334,0.742158967,0.732680772,0.825287167,1,0.888687379,0.913541667,2,ETS
Prox1,0.613630654,0.369176566,0.261423811,0.165199391,0,0.850460759,0.821253163,0.881614457,0.629405543,0.897945485,0.487213254,0.647697224,1,0.84994763,0.713513242,0.836425903,0.633905781,0.678603599,0.773838135,0.833125843,0.746238842,0.069982075,0.223872963,2,HPD
Nr4a1,0,0.167703003,0.133301503,0.123522537,0.08279863,0.3172758,0.545958842,0.470066128,0.415729286,0.59724331,0.524353092,0.522572689,0.99000616,0.645854909,0.605311989,0.770452442,0.742582796,0.690861339,0.650867912,0.650247896,0.506739185,1,0.801022307,2,NGFIB-like
Pax7,0.900728841,0.525619669,0.460610455,0,0.195905298,0.805657343,0.900015083,0.908005973,0.845822052,0.789950839,0.641601346,0.778665669,0.688547461,0.928805151,0.666611258,0.951508395,0.654355814,0.6816354,0.927514065,1,0.928115351,0.501351687,0.641442913,2,PAX
Runx3,0.151922068,0.312681162,0.293243206,0.263635222,0.423173352,0,0.037817147,0.073393948,0.417682053,0.691886352,0.735712209,0.756678772,0.897507322,0.859370112,0.868850536,0.760709036,0.817742592,0.827088266,0.416235211,0.608398309,0.655890756,0.957561025,1,2,Runt
Casz1,0.189817629,0.273842875,0.224499875,0.174616644,0,0.16080602,0.24462024,0.320389097,0.21365504,0.616702274,0.239181121,0.428147585,1,0.919013577,0.723894394,0.961553468,0.892553033,0.818749479,0.22211001,0.697477988,0.695592342,0.675453846,0.547368113,2,Others
Parp12,0,0.086725087,0.162061866,0.191275012,0.330352487,0.30973849,0.366050991,0.420516275,0.348738497,0.622404789,0.545547923,0.527087919,0.880446844,0.803206581,0.653257656,0.719303108,0.839190388,0.754180763,0.757251252,0.883866955,1,0.819169946,0.780232388,2,Others
Sox8,0.42888373,0.394761289,0.379665318,0,0.123440209,0.024832991,0.391382316,0.25071394,0.592781041,0.084656143,0.660963108,0.740753643,0.504082194,1,0.577197667,0.927118052,0.260589695,0.411608001,0.538306849,0.748388856,0.907652237,0.356284794,0.587640338,3,HMG
Barx2,0,0.336834322,0.254052363,0.46474563,0.372382966,0.347018396,0.463373469,0.449265706,0.761083462,0.922383219,0.957526492,0.761357924,0.079422814,0.302452637,0.562874574,0.366698891,0.36734208,0.268443584,1,0.26353472,0.213522467,0.546877549,0.769015416,3,Homeobox
Hhex,0.296905497,0.21369866,0.292035248,0.568710379,0.563884965,0.019179165,0,0.031228512,0.65446263,0.284892627,0.219572629,0.295433401,0.491375677,0.364298637,0.520488634,0.324617679,0.299901305,0.530439503,1,0.64283599,0.895569389,0.547443325,0.477441222,3,Homeobox
Hlx,0.103541386,0.150817522,0.201941609,0.089102589,0.125611624,0,0.296245161,0.262467617,0.483860028,0.407957928,0.46356631,0.157537678,0.455995187,0.252854256,0.496842539,0.431936157,0.654799527,0.713210709,1,0.672312768,0.715461352,0.331479229,0.553905657,3,Homeobox
Hopx,0.311432798,0.186005169,0.315279579,0.310551485,0.135875654,0.303742256,0.118615545,0.211545812,0,0.476015147,0.38602374,0.399205796,0.658084467,0.514728772,0.571647563,0.408812951,0.724139773,0.837360272,0.350204035,0.333563174,0.373448957,1,0.873153736,3,Homeobox
Hoxc9,0.368396072,0.27193254,0.267947541,0.729612035,0.508295525,0.002120377,0.27395758,0.044520931,0.113334397,0.253480651,0.125600762,0.159091373,0.400345075,0.181849612,0.121277123,0.291815854,0.498345133,0.456902123,0,0.692978695,1,0.648882356,0.397799834,3,Homeobox
Lmx1a,0.769366234,0.370230941,0.457396117,0.245665235,0,0.648056352,0.712345203,0.436844495,0.37586767,0.274801618,0.343588203,0.148559065,0.330303814,0.345566619,0.260998913,0.653480761,0.593245425,0.52311263,0.333221165,0.733213697,1,0.501554887,0.394810617,3,Homeobox
Bhlhe41,0,0.165242926,0.266827872,0.052996593,0.209305033,0.208340939,0.361612705,0.567577925,0.665105029,0.439932718,0.500457612,0.412454086,0.651227811,0.72348503,0.530956328,0.466255535,0.290948916,0.533447531,0.804200337,0.865178623,1,0.623105276,0.586233088,3,bHLH
Hand1,0.239465602,0.297164792,0.354690624,0.330782083,0.270910627,0.122165044,0.542443474,0.519988865,0.288973347,0.191748481,0.181141209,0.109758304,0.007277986,0.143986826,0.037961498,0.309124588,0.166476613,0.67211816,0.874498831,0,0.030941793,1,0.757759769,3,bHLH
Lyl1,0.195730768,0.109559565,0,0.221035643,0.142327933,0.069677015,0.140647184,0.158437826,0.652755795,0.10650704,0.360656024,0.364623104,0.470438884,0.510222086,0.632864684,0.381824832,0.329559776,0.459843515,1,0.728812886,0.966515324,0.571696773,0.619616334,3,bHLH
Mitf,0.058937162,0.105473646,0.085758355,0.036562005,0.193827227,0,0.074414848,0.027183108,0.581446522,0.467856398,0.277178844,0.442188374,0.769772088,0.832352746,0.715396599,0.596407212,0.50351801,0.610307687,0.492808203,0.709431843,0.956437953,1,0.86980503,3,bHLH
Tal1,0.677197413,0.417945213,0.501423309,0.596888191,0.591903304,0,0.150611956,0.104562474,0.747369406,0.408859291,0.505305944,0.502810198,0.595824492,0.43976586,0.799240465,0.540172785,0.565748743,0.775407675,0.986423406,0.82064442,0.953963544,1,0.887677435,3,bHLH
Tfeb,0.215288954,0.359780227,0.37261679,0.35724816,0.275862443,0.01844797,0,0.287061447,0.4925361,0.327505366,0.793531199,0.447267211,0.679128393,0.504971378,0.612463074,0.398464015,0.468855689,0.64851797,0.539171095,0.531073312,0.82046532,0.773137811,1,3,bHLH
Tfec,0.29172036,0.084557165,0.060725666,0.12958675,0.240020047,0,0.292664483,0.18483844,0.617005724,0.096514854,0.260708596,0.385838705,0.432561864,0.504218815,0.633271321,0.403834832,0.248587335,0.435340886,0.920286909,0.817775223,1,0.490507348,0.530199221,3,bHLH
Atf3,0.030659884,0.096702328,0.111867754,0.253858138,0,0.70488496,0.921092393,0.74438469,0.548102992,0.266025108,0.269842392,0.297410361,0.645378699,0.547052356,0.466355329,0.451588768,0.269066016,0.495112676,1,0.812485633,0.654524753,0.637837739,0.508272683,3,TF_bZIP
Atf5,0.40111378,0.507237256,0.467051289,0.379820804,0.590320623,0,0.153897199,0.10722017,0.225138159,0.437541774,0.33749423,0.248621942,0.723339335,0.600859678,0.435555795,0.734599049,0.790098583,0.755408025,0.385586963,0.767391126,1,0.78852327,0.824233497,3,TF_bZIP
Batf,0.078442534,0.08640123,0.055582077,0.044991153,0.060372562,0,0.092612924,0.080453519,0.495327342,0.025197864,0.286520613,0.382336395,0.35262078,0.356562778,0.631576207,0.33665111,0.283711966,0.44854347,0.806800459,0.655363426,1,0.74585771,0.841518541,3,TF_bZIP
Cebpa,0.039359401,0.040525631,0.018275082,0.052672885,0.072564592,0,0.253292193,0.15423801,0.319597444,0.449728473,0.437174942,0.406957395,0.512292271,0.530330157,0.513252439,0.470399622,0.484434339,0.454420962,0.717140219,0.72442903,1,0.650161184,0.851533347,3,TF_bZIP
Cebpb,0.135221706,0.087026339,0,0.175390667,0.220027925,0.101537079,0.277573631,0.33218385,0.579669968,0.261310583,0.420366164,0.390698966,0.70600863,0.633248942,0.660656017,0.658484853,0.664899122,0.752132408,0.835247979,0.87140674,1,0.859953309,0.917539359,3,TF_bZIP
Cebpd,0.042638088,0.136961892,0.170124919,0.291093638,0.367072924,0,0.049907016,0.078434697,0.427049545,0.285340024,0.455334529,0.422176106,0.508533667,0.476348627,0.467531773,0.488534314,0.6845985,0.639720259,0.719664182,0.638377948,1,0.607695381,0.691556634,3,TF_bZIP
Fosb,0.177345971,0.53606331,0.564148856,0.435665748,0.289324911,0.994734886,1,0.970516744,0.417906098,0,0.492012187,0.404297971,0.572165744,0.179250282,0.359785952,0.313299722,0.026470654,0.192638623,0.908435216,0.464297664,0.217456981,0.668765492,0.387246616,3,TF_bZIP
Fosl2,0,0.304889251,0.208248782,0.170103904,0.214905275,0.01032171,0.363082124,0.325676139,0.125464605,0.59504607,0.375844538,0.398655661,0.564694078,0.524342281,0.504384344,0.574424865,0.570152812,0.611959228,0.37613294,0.477699888,0.654486774,1,0.987785637,3,TF_bZIP
Maf,0.160456481,0,0.010412585,0.017147333,0.16813698,0.298217725,0.333029702,0.154963422,0.384481058,0.314700384,0.491138809,0.597584076,0.464352443,0.546759909,0.551934258,0.482305327,0.447347484,0.433362773,0.781650396,0.749407761,1,0.530629942,0.508836091,3,TF_bZIP
Zbtb20,0.31601567,0.373054298,0.462334807,0.192652553,0.171179674,0,0.322680622,0.369631257,0.411071687,0.30107839,0.303964447,0.495332541,0.558221189,0.580756389,0.626255697,0.748825386,0.785607393,0.576921076,0.22187711,0.236938972,0.623990648,1,0.910920576,3,ZBTB
Zbtb7b,0.288480826,0.180700625,0.233605668,0.356829037,0.419670221,0,0.213568357,0.276678264,0.607859144,0.27270566,0.400710631,0.479761387,0.494145008,0.493948424,0.674042139,0.456653217,0.467747753,0.539481637,0.929757673,0.792742814,1,0.87925014,0.878554814,3,ZBTB
Fezf2,0.286679705,0.270690554,0.217667488,0.188052451,0.356612219,0.715986801,1,0.876898773,0.693538121,0.496341992,0.272826693,0.250153409,0.24514668,0.329351419,0.232664586,0.522967614,0.491732637,0.441692311,0.644492499,0.524252386,0.530721469,0,0.05805039,3,zf-C2H2
Gfi1,0.164710627,0.12641112,0.004953929,0.210787204,0.174301067,0,0.038559293,0.020284043,0.398973826,0.025518018,0.130764139,0.222614051,0.453084955,0.602146638,0.72916589,0.415421968,0.435437006,0.559442403,0.759367006,0.590181942,0.906815075,0.924330404,1,3,zf-C2H2
Ikzf1,0.295897844,0.127782686,0.116269242,0.236704756,0.390308829,0.293184232,0.374541798,0.255793718,0.760249695,0,0.418756986,0.531031738,0.450003362,0.536646148,0.844441439,0.511390478,0.409628998,0.599641155,0.940085187,0.776707216,0.927488686,1,0.946318771,3,zf-C2H2
Klf2,0,0.132418368,0.246425787,0.362692407,0.224150552,0.196917371,0.44245961,0.463818643,0.52863079,0.325792868,0.633918431,0.507102425,0.663258157,0.492091969,0.629981851,0.479711574,0.499856908,0.608709006,0.994594006,0.595240433,0.722144883,0.958881714,1,3,zf-C2H2
Klf5,0.271717886,0.400061693,0.399531985,0.396823855,0.550215222,0,0.07964393,0.096022447,0.088340833,0.571310966,0.508265551,0.478013318,0.388681843,0.483203398,0.39122342,0.40993578,0.446008949,0.498089803,0.432584929,0.291460534,0.350408979,0.963148076,1,3,zf-C2H2
Zic1,0.358110767,0.980574386,1,0.449413082,0.082968723,0.176523533,0.290283586,0.046441383,0.284507077,0,0.062651684,0.038467906,0.456683385,0.389838464,0.102855705,0.604972505,0.426209508,0.354240294,0.2477545,0.716323924,0.686490407,0.552173376,0.326466725,3,zf-C2H2
Gata1,0.463125858,0.296564493,0.221097894,0.378685099,0.338593641,0,0.108968029,0.258265453,0.546068826,0.015798298,0.363040573,0.334746625,0.344769597,0.291164792,0.816311367,0.43989579,0.402670767,0.659574444,0.708720308,0.593660688,0.789711533,1,0.981381387,3,zf-GATA
Gata2,0,0.079198025,0.076519148,0.076066794,0.157284507,0.050869813,0.063113661,0.057590609,0.35845398,0.085879571,0.312356024,0.404538253,0.302159487,0.352173536,0.755422213,0.4728365,0.437863745,0.612138898,0.462423763,0.594824615,0.725031612,1,0.979632262,3,zf-GATA
Irf4,0.099228106,0,0.002074352,0.13489136,0.084724521,0.149464203,0.387739414,0.38203296,0.44320727,0.216865219,0.328141133,0.310440486,0.465207719,0.463744932,0.501040621,0.574587155,0.391201746,0.687819964,0.645431531,0.603337319,0.788177551,1,0.749200606,3,IRF
Irf5,0.191756223,0.40323963,0.333077982,0.372800189,0.40161339,0.049993505,0.237118204,0.187521637,0.613576729,0,0.331170924,0.455495846,0.408470646,0.449404972,0.577344247,0.332435901,0.232858127,0.477590577,0.906156875,0.811635358,1,0.523091093,0.562675547,3,IRF
Irf7,0.225900195,0,0.005519241,0.117526437,0.241878901,0.075260019,0.240326406,0.167958962,0.738779513,0.426931178,0.396451364,0.346346179,0.400648719,0.837039062,0.771847402,0.38120441,0.464502906,0.60625244,0.917328691,0.808262916,0.973705629,0.967729759,1,3,IRF
Irf8,0.291888742,0.029549682,0,0.176205208,0.234647144,0.176480448,0.309928313,0.236684615,0.669838758,0.077204803,0.245737512,0.402012616,0.415862657,0.453702303,0.555177782,0.433965135,0.285473905,0.415865285,0.976017729,0.820691378,1,0.470080014,0.517026634,3,IRF
Sp100,0.214262754,0,0.065419901,0.327648981,0.175434266,0.201279702,0.165740806,0.319142823,0.666414712,0.128894684,0.343377459,0.574861538,0.461032043,0.46319106,0.593165665,0.483370708,0.259037052,0.546808282,0.796358296,0.771112919,0.911192918,0.836497617,1,3,SAND
Sp110,0.171442015,0.017879908,0,0.082140949,0.189123466,0.144676273,0.23428806,0.21751499,0.710613249,0.018900873,0.304822727,0.34919584,0.366947269,0.419763783,0.560372057,0.293317308,0.130233168,0.294000367,1,0.716699838,0.932283454,0.426056829,0.591537828,3,SAND
Sp140,0.172253355,0.181664202,0.17755566,0.411907685,0.330882617,0.033526611,0.21642688,0.233549439,0.628324264,0,0.221038807,0.386371495,0.359865841,0.509745078,0.623722598,0.21225525,0.097637642,0.338294523,1,0.676126811,0.9977142,0.55012469,0.647480049,3,SAND
Stat5a,0.159213193,0.296976556,0.226021625,0,0.201516153,0.109703441,0.226155444,0.090508694,0.411854068,0.105989189,0.187574848,0.359799647,0.576755767,0.664337337,0.542928037,0.65737106,0.610178269,0.680387892,0.810728282,0.738023292,1,0.869851948,0.929877202,3,STAT
Stat6,0.219308349,0.289105143,0.224445298,0.233379849,0.242367082,0,0.157119783,0.177632647,0.506723033,0.383281886,0.316833606,0.334229579,0.54690628,0.493699067,0.559550047,0.525458049,0.58902971,0.598275124,0.8565396,0.727271461,1,0.796807064,0.800096921,3,STAT
Elf1,0.21320466,0.535640211,0.471535903,0.478263058,0.725595217,0.059241873,0.135577253,0,0.335853915,0.372077994,0.296552355,0.347540551,0.323119993,0.279309132,0.507863191,0.232256872,0.212276064,0.415113295,0.821730961,0.423873103,0.809060496,1,0.924810228,3,ETS
Spi1,0.272642792,0.00434797,0,0.228824068,0.188000496,0.153404873,0.288664847,0.224000254,0.691696562,0.029452543,0.356089365,0.422602121,0.45095216,0.502264912,0.613169551,0.406213414,0.267931473,0.516585983,0.968804573,0.846221232,1,0.545504309,0.64971626,3,ETS
Mef2c,0.297694983,0.148374364,0.096035533,0.129959689,0.297494553,0.271648387,0.431154625,0,0.54127012,0.560692035,0.657507101,0.839474326,0.510761202,0.708624285,0.637179057,0.550425067,0.51256581,0.537669696,0.76431406,0.682515157,1,0.453533926,0.494257223,3,SRF
Tead4,0.095202582,0.181945595,0.154752016,0.380808925,0.419383068,0.100229955,0.426146832,0.387867792,0,0.241066284,0.173753096,0.477536753,0.577947942,0.805489733,0.127851425,1,0.380465884,0.758220358,0.872207765,0.98693532,0.874928684,0.647074843,0.579184338,3,TEA
Pou2f2,0.564889262,0.555385634,0.564477675,0.550210829,0.525915658,0.352644698,0.421508937,0.406313804,0.7079591,0,0.222230096,0.397320582,0.465862906,0.423957948,0.536303981,0.388369314,0.339849982,0.437479992,0.916472107,0.803374905,1,0.576537184,0.557884403,3,Pou
Relb,0.220351311,0.350802552,0.478255975,0.391199527,0.383653144,0,0.154290786,0.172788696,0.318052216,0.58325469,0.465703347,0.315377637,0.570801785,0.565855324,0.319871915,0.594979025,0.896465194,0.608820373,0.433804311,0.670328721,0.891243269,0.682580969,1,3,RHD
Runx1,0.161363622,0.280170712,0.251030907,0.245220672,0.302883754,0.426667893,0.613090892,0.353682409,0.640917688,0.107552258,0.211027528,0.277704974,0.089931805,0.142841048,0.375066687,0.338329578,0,0.118702522,1,0.50300192,0.739010881,0.744143595,0.620512892,3,Runt
Arid5a,0.452642249,0.582056756,0.446465027,0.301375092,0.440288423,0,0.277361754,0.221753761,0.62316276,0.238465066,0.511486103,0.597813469,0.586856834,0.738618117,0.585973141,0.672096939,0.481540097,0.567039725,0.83036262,0.722753736,1,0.699053524,0.833818356,3,ARID
Csrnp1,0.147483607,0.276514441,0.2253375,0.145255303,0.054063506,0.097890282,0.550210905,0.268277964,0.369613439,0.115792183,0.121577762,0,0.547492412,0.270570044,0.381474698,0.556215194,0.535889494,0.601876649,0.687712677,0.521592068,0.645106027,1,0.693932104,3,CSRNP_N
Pparg,0,0.088431315,0.029033144,0.110747174,0.128096182,0.060491236,0.273588719,0.199446992,0.272412902,0.459340142,0.231847355,0.283081811,0.500300034,0.502293308,0.388602657,0.59925097,0.596317913,0.711238806,0.658390321,0.726245163,1,0.687041753,0.643470311,3,THR-like
Rorc,0.036216532,0.076305859,0,0.180023876,0.025645006,0.258057731,0.307755737,0.045561614,0.657991634,0.22769693,0.414855171,0.450416932,0.382718467,0.415784489,0.645431882,0.354851207,0.313487664,0.223525375,1,0.468654637,0.648771839,0.251779948,0.355399189,3,THR-like
Plek,0.36560417,0.149815547,0.167541643,0.327024642,0.321071148,0.29959884,0.617412065,0.340090966,0.528872317,0,0.205661879,0.353503114,0.397681973,0.524974151,0.436040315,0.364296823,0.078797584,0.296238277,0.866813906,0.787977845,1,0.29243813,0.32037629,3,Others
Zfp750,0.061236848,0.422206225,0.361167534,0.526063817,0.517859209,0,0.107969998,0.131781341,0.051709517,0.716215688,0.705358066,0.687698126,0.320474358,0.408907482,0.513609818,0.178875802,0.429504166,0.441467749,0.2403094,0.176316011,0.394500704,0.839900574,1,3,Others